Index,Potability
10000,0.91773826
10001,0.9863927
10002,0.96596
10003,0.880202
10004,1.0802209
10005,1.1949472
10006,0.8089539
10007,0.9246648
10008,0.8889526
10009,1.1285224
10010,0.7434651
10011,0.99115664
10012,0.9456343
10013,0.7849877
10014,0.97184104
10015,1.0836129
10016,0.7826555
10017,1.1976537
10018,0.9611151
10019,0.7890936
10020,1.0539407
10021,0.8263921
10022,0.9222011
10023,0.96932125
10024,1.0370532
10025,0.8047525
10026,0.8193205
10027,0.94558805
10028,0.90942395
10029,0.8304963
10030,0.8771859
10031,0.96208525
10032,0.9388854
10033,1.1359468
10034,0.8501653
10035,0.7780324
10036,1.0135176
10037,0.8591856
10038,1.2067022
10039,0.99309206
10040,1.0866446
10041,0.9246796
10042,0.8338096
10043,1.042749
10044,1.0222493
10045,0.8178133
10046,1.0684731
10047,1.145355
10048,0.76928633
10049,0.8496209
10050,1.0401732
10051,0.8263921
10052,0.93870854
10053,0.7602663
10054,0.906173
10055,0.94992423
10056,0.9035263
10057,0.86373264
10058,0.8604078
10059,0.911793
10060,1.1777173
10061,0.9707212
10062,0.9859451
10063,0.79313844
10064,1.0382301
10065,0.8806171
10066,1.1720924
10067,0.9122634
10068,0.7821491
10069,0.85373783
10070,0.9274093
10071,0.9500643
10072,1.1328887
10073,0.815135
10074,0.88855034
10075,1.0075167
10076,0.844788
10077,1.1551604
10078,0.87170154
10079,1.0823293
10080,1.0585377
10081,1.2398151
10082,0.7675793
10083,1.1050076
10084,0.8917761
10085,1.0757494
10086,0.79209036
10087,1.300375
10088,0.9448429
10089,0.82651323
10090,0.9907605
10091,0.999852
10092,0.7550847
10093,0.8607873
10094,0.8673721
10095,0.7899169
10096,0.8016364
10097,0.8192926
10098,0.9268953
10099,1.1202415
10100,0.9986181
10101,0.8388839
10102,0.80928177
10103,0.96806866
10104,0.8981661
10105,1.0470983
10106,1.0282469
10107,0.88056993
10108,0.850999
10109,0.99433243
10110,0.952139
10111,1.1114082
10112,0.9028566
10113,1.0995514
10114,0.9086175
10115,0.8214379
10116,0.9887693
10117,0.9619453
10118,0.95104766
10119,0.7899085
10120,0.87552947
10121,0.8033011
10122,0.8606392
10123,0.8523472
10124,0.95906365
10125,0.87625057
10126,0.91296667
10127,0.9388112
10128,0.8924015
10129,0.8547357
10130,0.79085374
10131,1.2082604
10132,0.9543564
10133,1.0222583
10134,0.955544
10135,0.91027087
10136,0.9350413
10137,0.9682791
10138,0.9207722
10139,0.8237709
10140,0.91328996
10141,0.8443717
10142,0.74954253
10143,1.0728405
10144,0.88823575
10145,0.8955924
10146,1.0844291
10147,0.8946436
10148,0.78948224
10149,1.3214108
10150,1.1002916
10151,0.76211315
10152,0.7732317
10153,0.9985853
10154,0.9890563
10155,0.88418317
10156,0.81326354
10157,1.0188346
10158,0.972033
10159,0.90964097
10160,0.8844328
10161,0.848513
10162,0.90607524
10163,0.94279224
10164,1.0661501
10165,0.9004041
10166,0.8180021
10167,0.93161845
10168,0.94219536
10169,0.87664247
10170,1.1084262
10171,0.86302686
10172,0.8560201
10173,0.95824933
10174,0.88950986
10175,0.75495416
10176,1.0874608
10177,1.1524029
10178,1.0384773
10179,1.0555725
10180,0.96015483
10181,1.027602
10182,1.1043648
10183,0.857045
10184,1.0227509
10185,1.147596
10186,0.8065219
10187,0.96221715
10188,0.98893946
10189,0.8025902
10190,1.0030421
10191,0.95425403
10192,0.8185725
10193,1.2494287
10194,1.2594784
10195,1.0608414
10196,0.9684731
10197,1.1623871
10198,0.9790856
10199,0.9924045
10200,1.0544204
10201,0.9542391
10202,0.92568725
10203,0.89252055
10204,0.8649632
10205,0.9296496
10206,1.0026389
10207,1.0287375
10208,0.82034683
10209,0.95999473
10210,1.1447868
10211,0.8450955
10212,0.9873711
10213,1.1686807
10214,0.93763673
10215,1.07091
10216,0.9014427
10217,0.84416944
10218,0.8798238
10219,0.84401214
10220,1.0507928
10221,1.0592477
10222,0.9647502
10223,0.870287
10224,0.99334824
10225,0.82433766
10226,1.2430716
10227,0.9402655
10228,0.8935799
10229,0.8737908
10230,1.0075203
10231,0.806738
10232,0.7700901
10233,0.849659
10234,0.8451888
10235,1.1635541
10236,0.8835539
10237,0.78767127
10238,1.1519898
10239,1.0720626
10240,0.99940825
10241,1.1198876
10242,0.9176331
10243,0.7795166
10244,1.0438534
10245,1.0347897
10246,1.1244397
10247,1.1636854
10248,0.87436026
10249,0.99108976
10250,0.83405244
10251,0.84046173
10252,0.87174064
10253,0.99198693
10254,0.94655347
10255,0.79424083
10256,0.8320493
10257,0.7907906
10258,1.0563467
10259,1.0524712
10260,0.96319777
10261,1.0651045
10262,0.79760253
10263,1.022377
10264,1.01288
10265,1.0067048
10266,0.7775763
10267,0.9792623
10268,1.3355267
10269,1.1713011
10270,0.9688805
10271,0.8639678
10272,0.99308705
10273,1.0824455
10274,1.3138691
10275,0.92015636
10276,0.9947614
10277,0.8473845
10278,0.9730828
10279,0.7771505
10280,0.937805
10281,1.1195846
10282,1.0069875
10283,0.8805131
10284,0.7819886
10285,0.94394493
10286,0.93134576
10287,1.1569277
10288,0.819965
10289,0.9539742
10290,0.9811742
10291,1.0845608
10292,0.986994
10293,0.9008941
10294,0.8766075
10295,1.1868004
10296,0.9246285
10297,0.82909274
10298,0.89883244
10299,0.8531447
10300,1.2533815
10301,1.016841
10302,0.9683038
10303,0.8952932
10304,1.0069916
10305,0.85309
10306,0.97604424
10307,1.163062
10308,0.88078386
10309,0.8604621
10310,1.1477474
10311,1.0745492
10312,1.0493928
10313,0.9062154
10314,0.98275214
10315,1.0007887
10316,1.039683
10317,0.94292706
10318,0.8863737
10319,0.97542155
10320,0.9473337
10321,0.9461938
10322,0.8816064
10323,1.0089816
10324,1.0167826
10325,0.84064436
10326,1.0941432
10327,1.2012959
10328,0.95127994
10329,0.90608037
10330,0.88502085
10331,0.87953377
10332,0.9267299
10333,0.82589316
10334,1.0358919
10335,1.1970409
10336,0.8896472
10337,1.0113227
10338,0.9263295
10339,0.8902361
10340,0.85813516
10341,1.0272845
10342,0.95992094
10343,1.1510687
10344,1.0667076
10345,0.9105433
10346,0.86505485
10347,1.0962766
10348,0.95671004
10349,0.94979584
10350,1.0867784
10351,0.85738796
10352,0.78656673
10353,1.086133
10354,1.1029068
10355,1.0359901
10356,1.142724
10357,0.77346903
10358,0.9912578
10359,0.8036389
10360,0.7799245
10361,0.8054119
10362,1.0469472
10363,0.8491605
10364,0.86224556
10365,0.9693322
10366,1.0718688
10367,1.0080577
10368,1.0720702
10369,0.91370136
10370,1.09368
10371,0.8892722
10372,0.84765214
10373,0.79768956
10374,0.959208
10375,0.87044555
10376,0.84215003
10377,0.7472972
10378,1.050293
10379,1.0732536
10380,0.909538
10381,0.77666706
10382,0.942347
10383,0.8013975
10384,1.2350872
10385,0.96907127
10386,0.85555553
10387,0.955983
10388,1.1498089
10389,0.7654289
10390,0.9360942
10391,1.0303547
10392,1.1900467
10393,0.96669495
10394,1.0055202
10395,1.0301604
10396,0.88961476
10397,0.91615444
10398,0.94978255
10399,0.85591185
10400,0.87369716
10401,1.0111344
10402,1.2261535
10403,0.87893045
10404,1.1413687
10405,0.994513
10406,1.144503
10407,1.0114449
10408,0.90492463
10409,0.9228112
10410,0.94593906
10411,0.97944903
10412,0.84853333
10413,0.8537246
10414,0.9242322
10415,1.068439
10416,1.0859978
10417,0.91246545
10418,0.89135796
10419,0.9662605
10420,0.9993156
10421,1.1444173
10422,0.87428606
10423,1.0587215
10424,0.84781384
10425,0.9916367
10426,0.8593238
10427,0.7681242
10428,0.9056239
10429,0.8373129
10430,1.1089154
10431,0.8525662
10432,0.9176796
10433,0.97966754
10434,0.9889587
10435,1.1647503
10436,0.8897406
10437,1.0000373
10438,0.8798131
10439,1.0418737
10440,0.9235589
10441,0.7994418
10442,1.0022845
10443,0.95773304
10444,0.9531886
10445,0.7290301
10446,0.8693344
10447,1.2190672
10448,1.0732924
10449,1.1180321
10450,1.2167761
10451,1.0627595
10452,1.0784928
10453,1.115854
10454,0.7418173
10455,0.85880536
10456,0.7685046
10457,0.77769
10458,1.1094817
10459,1.0501263
10460,0.96819216
10461,0.94443303
10462,0.9289859
10463,1.0168891
10464,0.7585434
10465,0.8945443
10466,0.94702196
10467,0.82657117
10468,1.0346847
10469,1.0574684
10470,1.0636111
10471,0.9398289
10472,1.2025218
10473,0.96784496
10474,1.1739455
10475,0.9707344
10476,0.7424964
10477,1.1990197
10478,0.8839754
10479,1.053945
10480,0.8773753
10481,1.183019
10482,0.8443717
10483,0.84386086
10484,0.7668389
10485,0.8570311
10486,0.90640354
10487,1.0488285
10488,0.9643039
10489,0.93121433
10490,0.9052359
10491,0.8459943
10492,1.0597126
10493,1.1020718
10494,0.8413195
10495,1.0961998
10496,1.2420696
10497,0.8195728
10498,0.74954253
10499,1.0572575
10500,0.78664607
10501,0.86628085
10502,0.88736856
10503,1.2068926
10504,0.99445957
10505,0.8901059
10506,0.7635994
10507,1.0712702
10508,0.80534583
10509,0.9594197
10510,0.82821035
10511,0.8205764
10512,0.8685857
10513,0.9682437
10514,1.3288034
10515,1.257046
10516,0.95075536
10517,1.0883352
10518,0.79195577
10519,0.9562346
10520,0.82379806
10521,0.97542155
10522,0.97991735
10523,0.92855865
10524,0.7598905
10525,1.0465864
10526,1.0741847
10527,0.77346903
10528,0.8121286
10529,0.9389684
10530,0.96494263
10531,1.1022562
10532,0.8919238
10533,0.84598535
10534,1.2139778
10535,1.257709
10536,0.96803963
10537,0.84345776
10538,1.0588073
10539,1.019311
10540,0.94642454
10541,0.9592954
10542,0.8498623
10543,1.0590603
10544,0.91010094
10545,0.79488456
10546,1.1338899
10547,1.0694611
10548,0.99889576
10549,0.9358625
10550,0.8610061
10551,0.90249276
10552,0.9527613
10553,1.0381573
10554,0.8775312
10555,1.2305341
10556,1.0265119
10557,0.9310879
10558,0.8766075
10559,1.0332336
10560,0.90440035
10561,0.9003379
10562,0.86752856
10563,0.8549343
10564,0.80428344
10565,1.1132373
10566,0.8390773
10567,1.2189527
10568,0.94616294
10569,1.0577092
10570,0.9587639
10571,0.8735392
10572,1.0351167
10573,0.7816227
10574,0.8600515
10575,1.0127946
10576,0.8782739
10577,1.0430814
10578,0.87274504
10579,0.8482098
10580,0.8572762
10581,0.8517684
10582,1.1375903
10583,0.8531923
10584,1.1714945
10585,1.1196449
10586,0.8346295
10587,0.8864038
10588,1.0116776
10589,0.8150587
10590,0.9561429
10591,0.97992665
10592,1.1060742
10593,1.0641344
10594,0.90182877
10595,0.8045525
10596,0.9069145
10597,0.97392696
10598,1.039941
10599,0.8771881
10600,0.9690647
10601,1.077478
10602,0.9021073
10603,0.9382048
10604,0.89158404
10605,1.098356
10606,1.1914696
10607,1.0539725
10608,0.86949927
10609,1.1172541
10610,0.8374506
10611,0.95372355
10612,0.7897233
10613,0.8984532
10614,0.7880235
10615,0.9200946
10616,0.9015726
10617,1.0579629
10618,0.8484707
10619,0.9263261
10620,0.85396117
10621,0.8584255
10622,1.0408924
10623,0.9414671
10624,0.9981825
10625,1.0696282
10626,1.119914
10627,1.1040968
10628,0.92455417
10629,1.0730599
10630,1.1136711
10631,0.88231677
10632,0.8207438
10633,0.7707372
10634,1.062953
10635,0.99841213
10636,0.94848156
10637,0.83575904
10638,0.8722289
10639,1.0787544
10640,0.8100315
10641,1.0296371
10642,0.96231455
10643,1.030356
10644,0.93597984
10645,0.8174724
10646,1.0086846
10647,1.0135942
10648,0.9395879
10649,1.1003045
10650,1.2050792
10651,1.0178136
10652,1.1257674
10653,1.0693284
10654,1.1097494
10655,0.8861149
10656,0.89426315
10657,1.1302618
10658,0.9556455
10659,0.88122666
10660,1.0768563
10661,1.0259372
10662,0.9401831
10663,1.2825825
10664,0.96399784
10665,0.9208705
10666,0.93280315
10667,0.96796745
10668,0.7559572
10669,0.8977517
10670,1.0954807
10671,0.94757074
10672,0.84666204
10673,0.95028126
10674,0.9451754
10675,0.875532
10676,0.97283477
10677,0.79318655
10678,1.2158525
10679,1.2990057
10680,0.8654578
10681,1.0642227
10682,0.78619206
10683,0.9647082
10684,1.0411563
10685,0.9051184
10686,1.0836979
10687,1.0188453
10688,0.8143072
10689,0.8291401
10690,0.89465386
10691,1.0089586
10692,0.9588292
10693,0.8017906
10694,0.96515256
10695,1.1730471
10696,1.0269221
10697,0.8035855
10698,1.036048
10699,0.8263291
10700,1.0584168
10701,1.1054304
10702,0.8038407
10703,0.82741344
10704,0.99986416
10705,0.7781379
10706,1.1495847
10707,1.1731917
10708,1.0234131
10709,0.8239411
10710,1.277424
10711,0.8698538
10712,0.9240987
10713,0.9193914
10714,1.0899749
10715,1.03514
10716,1.0670706
10717,1.1216177
10718,1.1809573
10719,1.1223865
10720,1.2167794
10721,1.0927655
10722,1.1084377
10723,0.95005774
10724,0.8655088
10725,0.9839191
10726,0.9545362
10727,0.9285974
10728,1.160049
10729,0.8172821
10730,0.94109863
10731,0.8116326
10732,0.9797473
10733,0.78759706
10734,1.2662193
10735,1.1967392
10736,0.8052207
10737,0.91031444
10738,1.0646529
10739,0.8137772
10740,0.86105746
10741,0.8921182
10742,1.0786002
10743,0.83250123
10744,1.0471348
10745,0.8934649
10746,0.8783677
10747,0.882035
10748,0.95105636
10749,1.1007282
10750,0.85804325
10751,0.7730213
10752,0.99152684
10753,0.91763866
10754,1.0062418
10755,0.8535641
10756,0.77325493
10757,1.1268331
10758,0.798596
10759,0.7413157
10760,1.0615861
10761,0.9739984
10762,0.9349885
10763,1.0647143
10764,0.9162157
10765,0.8360824
10766,1.0783288
10767,0.95526755
10768,0.9261586
10769,0.8927326
10770,0.79767257
10771,0.8574264
10772,1.0562125
10773,0.88548064
10774,0.8059126
10775,1.0007831
10776,0.93223494
10777,0.92658997
10778,1.1003842
10779,0.7660784
10780,0.874313
10781,1.0583245
10782,1.1672195
10783,0.96992767
10784,0.8769433
10785,0.98038095
10786,1.0727768
10787,1.0178179
10788,0.9529685
10789,0.9121842
10790,0.95517725
10791,0.92579466
10792,1.161643
10793,0.7318069
10794,1.1054648
10795,0.839767
10796,1.2215616
10797,1.008406
10798,1.0716021
10799,0.84490395
10800,1.1227726
10801,1.0845648
10802,1.1446077
10803,1.0402062
10804,1.0466127
10805,0.8430104
10806,0.90110207
10807,0.8616922
10808,1.0667671
10809,0.74210805
10810,0.95105815
10811,1.1158568
10812,0.79346716
10813,0.7795166
10814,0.8711455
10815,0.9249314
10816,1.2362908
10817,0.93775254
10818,0.80287254
10819,0.8828592
10820,1.0547684
10821,0.7473971
10822,1.0450972
10823,1.1462679
10824,0.83424634
10825,0.8594764
10826,0.8878686
10827,0.9010026
10828,0.979981
10829,0.9595114
10830,0.8286495
10831,0.988639
10832,0.90911263
10833,0.99580604
10834,1.0006325
10835,0.9720313
10836,0.8364312
10837,0.9684882
10838,0.98422736
10839,0.92309046
10840,0.98520476
10841,0.8704866
10842,0.85712945
10843,0.96990377
10844,0.83658165
10845,1.0033041
10846,1.142399
10847,0.7968445
10848,0.88713914
10849,0.8696157
10850,0.9018646
10851,1.0521711
10852,0.9834507
10853,0.8639509
10854,0.99097496
10855,0.9404648
10856,0.9933179
10857,0.9077957
10858,0.8388558
10859,1.1608133
10860,1.1346339
10861,1.0924785
10862,0.9686048
10863,1.1902815
10864,1.1362616
10865,0.9173517
10866,0.76312107
10867,1.0201626
10868,1.152085
10869,1.0009227
10870,0.9905293
10871,0.99679536
10872,0.8285324
10873,0.8322721
10874,0.8383146
10875,0.9452257
10876,0.9135719
10877,0.93545985
10878,1.1884832
10879,0.9339513
10880,0.9734082
10881,0.90900373
10882,1.0796708
10883,0.8910259
10884,1.0093142
10885,0.82746696
10886,0.7944128
10887,0.9328453
10888,1.0529113
10889,0.84117156
10890,0.8488362
10891,0.8543777
10892,1.1417198
10893,1.1282812
10894,0.80275804
10895,0.9559962
10896,1.002657
10897,1.1907568
10898,1.0260723
10899,1.0204782
10900,1.0317117
10901,1.1859999
10902,0.77740186
10903,0.7800034
10904,0.8895658
10905,0.8525977
10906,1.1464603
10907,1.1064906
10908,1.0873654
10909,0.8676577
10910,0.8957909
10911,0.96316147
10912,0.849659
10913,0.90587896
10914,0.7437695
10915,0.89576
10916,0.8141823
10917,0.9350989
10918,1.1581924
10919,0.8934571
10920,0.9210971
10921,0.98293924
10922,0.9657131
10923,0.9166307
10924,0.9114131
10925,0.76983196
10926,0.97685814
10927,1.0193758
10928,1.0062004
10929,1.2030296
10930,1.0305911
10931,0.88608533
10932,0.8997485
10933,1.0357633
10934,1.0345832
10935,1.0129892
10936,0.92543995
10937,0.77813286
10938,0.8319027
10939,1.0622963
10940,1.0208677
10941,0.9239225
10942,0.9162414
10943,0.99338835
10944,0.828244
10945,1.315237
10946,0.9406669
10947,0.9506239
10948,1.0930754
10949,1.009072
10950,0.9526097
10951,0.89674586
10952,1.0834059
10953,0.9449224
10954,0.8151033
10955,0.8884242
10956,0.8848235
10957,1.1975652
10958,0.99563104
10959,0.94219774
10960,0.9130734
10961,1.0711617
10962,0.85815537
10963,1.2535285
10964,0.9641138
10965,0.80924094
10966,0.85052186
10967,1.2363552
10968,0.8496254
10969,1.0637983
10970,0.8464414
10971,0.8949738
10972,0.8738524
10973,0.9021545
10974,1.1423186
10975,0.92074794
10976,0.95745426
10977,0.94258046
10978,0.9422291
10979,1.1283025
10980,0.93405586
10981,0.9651593
10982,0.7964351
10983,0.90505964
10984,1.1368788
10985,0.9355294
10986,1.1958234
10987,0.9120332
10988,1.1973255
10989,0.8170331
10990,0.97635794
10991,0.86113006
10992,0.9121783
10993,0.94217515
10994,0.89439726
10995,0.9358252
10996,0.7595019
10997,0.835692
10998,1.0093913
10999,0.9660335
11000,1.083469
11001,0.8533491
11002,0.92157423
11003,1.2500473
11004,0.74943024
11005,0.9007143
11006,0.9608419
11007,0.9087382
11008,1.0464144
11009,1.049446
11010,0.83994657
11011,0.865596
11012,0.93330127
11013,0.809634
11014,1.0475699
11015,0.88198286
11016,1.0608107
11017,0.9763001
11018,0.8682678
11019,0.9875972
11020,0.9056249
11021,0.7861024
11022,1.0112062
11023,0.8320908
11024,0.8831757
11025,0.9422545
11026,0.8052567
11027,1.2746685
11028,1.0857251
11029,1.1084822
11030,0.8805884
11031,0.77966267
11032,0.8287513
11033,0.9843163
11034,1.2169927
11035,0.83487636
11036,1.039893
11037,0.94596905
11038,1.0210409
11039,0.995147
11040,1.045221
11041,1.136871
11042,0.83180064
11043,1.09154
11044,1.1023033
11045,1.1015961
11046,0.9803217
11047,0.7792375
11048,1.1359664
11049,1.0551928
11050,0.75284433
11051,0.9735728
11052,0.84406585
11053,0.86816704
11054,0.8806455
11055,0.8521944
11056,0.74635303
11057,1.0300528
11058,0.925898
11059,0.8313042
11060,0.79313844
11061,0.9620185
11062,1.0135185
11063,0.9586238
11064,1.1542764
11065,0.82692504
11066,0.9069268
11067,0.85049087
11068,0.91531146
11069,0.8790863
11070,0.9082448
11071,1.1215605
11072,0.94345224
11073,0.8974441
11074,1.0090543
11075,0.8934858
11076,0.9761297
11077,0.9147637
11078,0.76955354
11079,1.1473192
11080,0.8867992
11081,0.9001406
11082,0.9409156
11083,1.1293657
11084,0.8178848
11085,0.9307722
11086,0.92572874
11087,1.2630599
11088,1.1557287
11089,0.7910521
11090,0.82400435
11091,1.0099434
11092,0.9896892
11093,1.0557687
11094,0.8745411
11095,1.1389524
11096,0.9355399
11097,1.0981697
11098,0.81940275
11099,0.8636728
11100,0.7237738
11101,1.1412911
11102,0.78192496
11103,0.9746192
11104,0.8911958
11105,1.1432624
11106,0.8339568
11107,1.1059214
11108,0.7405144
11109,0.8478215
11110,0.75647193
11111,1.0068203
11112,0.95304406
11113,1.0113164
11114,0.8132416
11115,0.9501799
11116,1.0374682
11117,0.86377054
11118,0.91368836
11119,1.0142263
11120,1.072065
11121,0.83892864
11122,0.94917536
11123,0.8786368
11124,1.3274758
11125,0.7811646
11126,0.96729726
11127,0.932411
11128,0.8563264
11129,1.2855027
11130,1.0132567
11131,0.906703
11132,1.0361543
11133,0.7927019
11134,0.90839064
11135,0.8217251
11136,0.8347513
11137,0.9123331
11138,0.73704916
11139,0.9096162
11140,0.935326
11141,1.0141664
11142,0.8569521
11143,1.0285188
11144,0.8013481
11145,0.90749794
11146,0.8464414
11147,0.86956745
11148,0.92792076
11149,1.1609825
11150,1.0050422
11151,0.76061124
11152,1.0544599
11153,1.1376184
11154,1.1242248
11155,1.1125938
11156,1.0416747
11157,0.7237738
11158,1.0910882
11159,1.0682119
11160,0.8337819
11161,0.9721345
11162,0.9553405
11163,0.94798017
11164,1.052832
11165,1.0614722
11166,1.1671523
11167,0.98745203
11168,1.0037223
11169,0.814877
11170,1.0792063
11171,0.8578168
11172,1.0160016
11173,0.999006
11174,0.99627125
11175,1.003611
11176,0.8747699
11177,0.8853731
11178,1.0182599
11179,1.083979
11180,0.8755292
11181,1.1011207
11182,0.86418724
11183,0.8559354
11184,0.8278427
11185,0.95346504
11186,1.0512679
11187,0.92240715
11188,0.92419165
11189,0.875958
11190,0.9099859
11191,1.1205907
11192,0.9733822
11193,0.92055774
11194,0.79758406
11195,0.9581556
11196,1.1019647
11197,0.77965695
11198,0.74954253
11199,0.95305854
11200,1.1135151
11201,0.87993497
11202,0.90338725
11203,0.9107168
11204,0.9623608
11205,0.9068812
11206,0.8389032
11207,0.881112
11208,1.0566921
11209,0.92622274
11210,1.2351438
11211,0.7492262
11212,1.1591142
11213,0.910097
11214,0.8227946
11215,0.9157821
11216,0.8989447
11217,0.92823356
11218,1.053328
11219,1.2855027
11220,0.86210793
11221,1.1015041
11222,0.7950967
11223,0.86915547
11224,0.8061078
11225,0.97115463
11226,1.1732126
11227,0.75573045
11228,1.1591327
11229,0.9228146
11230,0.8762866
11231,0.9544237
11232,0.91150534
11233,0.9989203
11234,1.0541888
11235,1.024895
11236,0.86385256
11237,0.81888807
11238,1.077553
11239,1.102931
11240,0.828433
11241,1.0732204
11242,0.9301277
11243,0.83847153
11244,0.8218051
11245,0.78196514
11246,1.1066874
11247,0.7990558
11248,1.0699291
11249,0.96706015
11250,0.98154294
11251,1.0684043
11252,1.0939494
11253,0.8208853
11254,1.121845
11255,1.228569
11256,1.2266146
11257,0.7648085
11258,1.052207
11259,0.851015
11260,1.0104295
11261,0.8921939
11262,0.92493755
11263,1.0704612
11264,0.9275862
11265,0.8471892
11266,1.1282812
11267,0.8436453
11268,1.0053219
11269,1.0439019
11270,0.95905036
11271,1.0139492
11272,1.055922
11273,1.0784823
11274,0.8392805
11275,0.991122
11276,0.91541344
11277,1.0099545
11278,0.866874
11279,0.89909756
11280,0.8979081
11281,0.9509682
11282,0.9963383
11283,0.7849215
11284,0.9521619
11285,1.170323
11286,0.9656498
11287,1.0072294
11288,0.9380599
11289,0.9121684
11290,0.973397
11291,0.89240813
11292,0.76389533
11293,1.0067238
11294,1.0085748
11295,0.7648085
11296,0.8733515
11297,0.8311865
11298,0.81467164
11299,0.8736521
11300,0.97406006
11301,1.0465988
11302,1.1145158
11303,0.7793959
11304,1.3026574
11305,1.2098812
11306,1.0265738
11307,0.9193233
11308,0.95957714
11309,1.1410877
11310,0.82304215
11311,0.9806874
11312,0.82410717
11313,0.84234035
11314,1.0052383
11315,0.8977289
11316,1.048429
11317,0.83364296
11318,1.0358173
11319,1.0484382
11320,1.034699
11321,0.93553936
11322,0.98109204
11323,1.0771397
11324,0.78915524
11325,0.8454795
11326,0.9918948
11327,0.9280804
11328,0.8180656
11329,1.2216873
11330,0.9474382
11331,0.97766286
11332,0.97278154
11333,0.7648085
11334,0.83428144
11335,1.006926
11336,0.96674186
11337,1.3288034
11338,0.99461997
11339,0.9808368
11340,1.277646
11341,0.9504113
11342,0.97996294
11343,0.7344125
11344,1.026957
11345,0.9617887
11346,1.1061656
11347,0.89660996
11348,0.9647967
11349,1.152353
11350,1.000083
11351,0.87317455
11352,0.9900477
11353,0.9281481
11354,0.9314691
11355,0.89685917
11356,0.9747065
11357,0.8956103
11358,0.8145255
11359,0.9590167
11360,0.7704077
11361,0.9392103
11362,0.9687296
11363,0.84822667
11364,1.0321412
11365,1.0782751
11366,1.1543211
11367,1.0774806
11368,0.98554146
11369,1.0057892
11370,1.01977
11371,0.93452066
11372,0.8917458
11373,0.9109746
11374,0.8134098
11375,0.91395205
11376,0.86491096
11377,0.9802006
11378,0.7972693
11379,0.7648085
11380,0.8380378
11381,0.88301295
11382,1.1266935
11383,0.92060256
11384,1.3022363
11385,1.037272
11386,1.0999466
11387,0.92745847
11388,1.0452063
11389,0.9956587
11390,0.8771618
11391,1.0296402
11392,0.8799292
11393,0.8207438
11394,0.9446509
11395,0.96444917
11396,0.958926
11397,0.80636543
11398,0.89537257
11399,0.99117297
11400,0.9366002
11401,0.8300154
11402,0.9554768
11403,0.9864661
11404,1.0784111
11405,0.81651616
11406,0.9740448
11407,1.0245433
11408,1.1613983
11409,0.9766283
11410,1.0596229
11411,0.8724858
11412,1.2318165
11413,0.9350408
11414,0.90432036
11415,1.0391685
11416,0.908675
11417,1.1283965
11418,0.8744453
11419,0.9716475
11420,1.2585744
11421,0.9501354
11422,0.7904476
11423,1.0355387
11424,1.0025308
11425,0.74562705
11426,0.98526794
11427,1.0160354
11428,1.1412923
11429,0.8973317
11430,1.0636111
11431,1.0082618
11432,0.79708624
11433,0.8991637
11434,0.9464784
11435,0.8228625
11436,0.8917746
11437,1.0027014
11438,0.86727065
11439,0.8277755
11440,1.1400663
11441,0.9591257
11442,1.0702643
11443,1.0334531
11444,0.8623399
11445,0.8457761
11446,0.9745675
11447,1.0190024
11448,0.84876776
11449,0.90000916
11450,0.75284433
11451,0.84057117
11452,0.97464526
11453,0.87322015
11454,1.0916849
11455,0.8756455
11456,0.9242823
11457,0.9297575
11458,1.2261375
11459,1.0157243
11460,0.76915693
11461,0.85228425
11462,1.0052047
11463,0.8088849
11464,1.205541
11465,0.99992555
11466,0.9503965
11467,0.92399836
11468,0.8712559
11469,0.77778906
11470,0.99656194
11471,0.87956333
11472,0.8053168
11473,1.1240022
11474,0.90066624
11475,0.9704901
11476,0.7986165
11477,0.99005514
11478,0.80779916
11479,0.81670654
11480,1.2838515
11481,0.86411315
11482,0.92209625
11483,0.956782
11484,1.0627669
11485,0.87551343
11486,1.0046617
11487,1.0497131
11488,0.82236004
11489,1.0221527
11490,1.1437775
11491,0.9159603
11492,0.82921076
11493,1.0133778
11494,0.98206514
11495,0.93105847
11496,0.9557766
11497,1.0258317
11498,0.9229311
11499,0.80636543
11500,0.98392797
11501,0.92842865
11502,0.76865536
11503,1.2946346
11504,0.76578957
11505,1.0006863
11506,0.785865
11507,0.80680263
11508,0.894281
11509,1.0579863
11510,1.0604593
11511,0.8481636
11512,0.977426
11513,1.0592909
11514,0.9431863
11515,0.9176489
11516,1.1025895
11517,0.94196534
11518,0.8175477
11519,0.8750236
11520,1.0128272
11521,1.08142
11522,1.0649251
11523,1.0412015
11524,1.2515582
11525,1.0900608
11526,0.8662103
11527,0.97737014
11528,0.88332266
11529,0.80636543
11530,1.0387983
11531,0.78493494
11532,0.9269327
11533,1.0430439
11534,1.0557998
11535,0.9831959
11536,0.77289826
11537,1.1504308
11538,0.83644664
11539,0.8806455
11540,0.94363195
11541,1.005641
11542,0.9556718
11543,0.9007968
11544,0.9906959
11545,0.8365424
11546,0.83208454
11547,1.075995
11548,1.0558681
11549,1.2805872
11550,0.8465308
11551,0.96011984
11552,0.92039555
11553,0.7708647
11554,0.840687
11555,0.77362597
11556,1.0942215
11557,0.9434773
11558,1.0109532
11559,0.9394522
11560,0.95943683
11561,0.8691153
11562,1.0266984
11563,0.7533631
11564,0.9466852
11565,0.9830269
11566,0.9423553
11567,1.0061753
11568,0.9217783
11569,1.1650738
11570,0.8799761
11571,0.95391494
11572,1.025759
11573,0.8343924
11574,1.1978972
11575,1.0601522
11576,0.87398684
11577,1.1203313
11578,0.79025257
11579,0.9807868
11580,1.0013974
11581,0.8765435
11582,1.2519413
11583,0.82364345
11584,0.82698375
11585,1.0238264
11586,1.0236592
11587,0.88627195
11588,0.8200484
11589,0.81845623
11590,1.0350707
11591,0.823469
11592,1.0892253
11593,0.9978566
11594,1.0230861
11595,0.8466127
11596,0.77078676
11597,0.9087861
11598,0.8346581
11599,1.0146502
11600,0.9536087
11601,1.1091527
11602,1.1485239
11603,0.8613358
11604,1.0694536
11605,1.2211837
11606,0.83028793
11607,0.8965021
11608,0.9478332
11609,1.0731322
11610,0.81701565
11611,0.95789623
11612,0.7591709
11613,1.1765448
11614,0.89829564
11615,0.8732937
11616,1.1239592
11617,1.097656
11618,0.9638533
11619,0.9420502
11620,0.96451443
11621,0.8731801
11622,0.7939567
11623,0.9152207
11624,1.1478199
11625,0.83591336
11626,0.8664591
11627,0.94739956
11628,0.7590645
11629,0.9334126
11630,0.7737648
11631,0.8288202
11632,0.93847966
11633,0.9800729
11634,1.0944195
11635,1.0454036
11636,1.1930038
11637,0.8937421
11638,0.9808368
11639,0.82692504
11640,0.83917123
11641,1.049336
11642,0.75997984
11643,0.9963421
11644,1.0482645
11645,1.2004277
11646,0.8728481
11647,1.1636673
11648,1.0714612
11649,0.92506135
11650,0.94999915
11651,0.95484674
11652,0.9575933
11653,0.9207399
11654,0.9893896
11655,0.88167167
11656,0.84477025
11657,0.86817896
11658,0.8749048
11659,1.0689974
11660,1.0509915
11661,0.97548205
11662,0.8499144
11663,0.81716067
11664,0.835262
11665,0.90845734
11666,0.81733626
11667,0.895634
11668,0.7695638
11669,1.0116082
11670,0.9826749
11671,1.0287051
11672,0.82069033
11673,0.9914649
11674,0.9220098
11675,0.8581459
11676,0.89745176
11677,1.0229604
11678,1.0890183
11679,1.0003259
11680,0.9479769
11681,1.0306647
11682,1.0221385
11683,1.0226715
11684,1.1770577
11685,1.2562199
11686,1.0263537
11687,1.1255453
11688,1.2671205
11689,0.92253685
11690,1.2426647
11691,0.8258674
11692,0.8196239
11693,0.86865836
11694,0.8848011
11695,0.86774635
11696,0.76312107
11697,0.9784743
11698,0.75394434
11699,1.1022742
11700,0.88989305
11701,0.8914295
11702,0.9950276
11703,1.0878831
11704,0.8961588
11705,0.74770015
11706,1.0576769
11707,1.1157913
11708,0.8527344
11709,1.1218237
11710,0.7800174
11711,1.0464147
11712,0.99505776
11713,1.1313289
11714,0.8953452
11715,0.8870099
11716,0.8811827
11717,1.0330983
11718,1.0509421
11719,1.2281013
11720,0.89477634
11721,1.047202
11722,0.79936564
11723,0.7711201
11724,0.8807189
11725,0.87996465
11726,1.0994856
11727,0.9315596
11728,0.9154007
11729,0.96679664
11730,0.7940688
11731,0.8270826
11732,1.1089712
11733,0.82341963
11734,0.9957517
11735,0.9519349
11736,0.9355366
11737,0.95695466
11738,0.77625006
11739,0.88819873
11740,1.020429
11741,0.90546405
11742,0.9344163
11743,1.071559
11744,0.86281604
11745,1.0576949
11746,1.0290207
11747,0.95208937
11748,0.80371386
11749,0.9464185
11750,0.8747365
11751,1.0753126
11752,1.1438624
11753,0.96814543
11754,0.8083962
11755,0.8083244
11756,0.8763257
11757,1.099568
11758,0.9225144
11759,0.88699526
11760,0.9119048
11761,0.9278419
11762,1.099186
11763,0.82277894
11764,1.0171582
11765,0.81812763
11766,0.7850698
11767,0.99612
11768,1.0507779
11769,0.85347337
11770,1.1565181
11771,1.1215206
11772,0.8385053
11773,1.169223
11774,0.95961016
11775,1.059842
11776,1.1349614
11777,1.2300417
11778,0.7668803
11779,0.9061332
11780,0.9645233
11781,1.079619
11782,0.99366564
11783,0.8937495
11784,1.1209962
11785,0.85284
11786,1.0050815
11787,0.76364094
11788,0.95427895
11789,0.7964832
11790,1.027089
11791,0.87244284
11792,0.82061195
11793,1.0164428
11794,1.0191811
11795,0.89473045
11796,0.9826549
11797,1.0798874
11798,0.87704456
11799,0.99682206
11800,0.9462842
11801,1.0262123
11802,1.0272564
11803,0.78901166
11804,0.95828927
11805,1.1513611
11806,0.88515586
11807,1.1293687
11808,1.243231
11809,0.84521055
11810,1.1636032
11811,0.9796113
11812,0.86516076
11813,1.0787696
11814,0.76973397
11815,0.8782739
11816,0.95718235
11817,1.0808847
11818,0.9985084
11819,0.84254605
11820,0.88855034
11821,1.0102115
11822,0.83880967
11823,0.91333187
11824,1.1693625
11825,0.92335993
11826,0.85071665
11827,0.79119253
11828,0.8986432
11829,1.0521841
11830,1.1713908
11831,0.7779223
11832,0.7863156
11833,0.80480415
11834,0.86665994
11835,1.2544688
11836,0.96684664
11837,1.0822043
11838,0.88286096
11839,0.9171409
11840,0.8612682
11841,0.8887703
11842,0.98904824
11843,1.0243715
11844,0.9223495
11845,1.0575383
11846,0.86090064
11847,1.0172062
11848,1.093929
11849,0.9726271
11850,0.91842526
11851,0.8758034
11852,0.86805606
11853,1.1853018
11854,0.77578974
11855,0.9934038
11856,1.0084829
11857,1.0089371
11858,1.0983528
11859,1.0224257
11860,0.82455635
11861,1.0579032
11862,1.0046961
11863,0.8904665
11864,0.791334
11865,0.8966263
11866,0.99793124
11867,1.0202901
11868,0.82341963
11869,0.9553495
11870,0.8892528
11871,0.99056613
11872,0.8408608
11873,0.7996
11874,0.8528239
11875,1.0799162
11876,1.0512679
11877,0.86514425
11878,1.1570369
11879,0.8597408
11880,0.90322804
11881,0.9052947
11882,1.0003582
11883,0.8488616
11884,1.1318362
11885,1.0015556
11886,1.0420783
11887,0.90117824
11888,0.82629347
11889,0.85659313
11890,0.81423974
11891,1.0809238
11892,0.9366885
11893,0.9413162
11894,0.9548871
11895,1.0663252
11896,0.7968223
11897,1.1627702
11898,1.2422442
11899,0.7471064
11900,0.9728546
11901,1.0531018
11902,0.9883577
11903,1.1015753
11904,0.9913496
11905,0.8054652
11906,1.1946646
11907,1.2172989
11908,0.88529885
11909,0.8598501
11910,0.97742814
11911,0.87613344
11912,0.9500915
11913,0.86949754
11914,1.0052047
11915,0.8238006
11916,1.1514691
11917,0.9051949
11918,1.1021969
11919,0.92267126
11920,0.8589548
11921,0.8278427
11922,0.92225784
11923,0.71897286
11924,0.76783913
11925,0.8531401
11926,0.9110216
11927,0.84312755
11928,0.8937006
11929,1.1189318
11930,0.8459233
11931,0.7795245
11932,0.9421508
11933,0.9448424
11934,1.060695
11935,0.95410776
11936,0.7649821
11937,1.1805657
11938,0.98830754
11939,0.8770258
11940,0.7661246
11941,1.056324
11942,0.9339058
11943,1.123479
11944,1.0264876
11945,1.0151291
11946,0.85114294
11947,1.1070362
11948,0.80365014
11949,0.8592102
11950,1.0452414
11951,1.045376
11952,0.9575858
11953,0.9156486
11954,0.9110943
11955,0.85127145
11956,1.0966657
11957,0.78451616
11958,0.820784
11959,1.0605314
11960,1.2234229
11961,0.89110464
11962,0.94206566
11963,0.84463525
11964,0.9507459
11965,1.0033505
11966,0.9944645
11967,0.8322651
11968,0.8748234
11969,1.1151822
11970,1.0323629
11971,1.0445844
11972,0.888774
11973,1.2141727
11974,0.8200235
11975,0.8626817
11976,0.76783913
11977,0.99490196
11978,0.9335578
11979,0.9968854
11980,1.2904572
11981,0.99782515
11982,0.91454035
11983,0.9790889
11984,0.9266544
11985,1.0770794
11986,0.8312605
11987,0.90378916
11988,0.99758583
11989,0.9865034
11990,0.975703
11991,1.0741205
11992,1.0005777
11993,0.95431495
11994,0.8566948
11995,0.97260886
11996,1.0204618
11997,1.0513182
11998,1.2257832
11999,1.0795141
12000,1.0240451
12001,0.77811795
12002,1.0617405
12003,1.1081669
12004,0.9081459
12005,1.0551019
12006,0.90996534
12007,0.95997924
12008,0.9572571
12009,0.8711011
12010,0.8655523
12011,1.1212465
12012,0.90699494
12013,0.9051045
12014,1.2855074
12015,0.9116159
12016,1.0046371
12017,1.1084497
12018,0.8600592
12019,0.86037385
12020,0.8752841
12021,1.0628654
12022,0.9125258
12023,0.83467484
12024,0.8586012
12025,0.89979565
12026,0.9874304
12027,1.1496332
12028,0.88871175
12029,0.9718888
12030,0.9417287
12031,0.8947656
12032,0.8398222
12033,0.82485676
12034,0.9678083
12035,0.8137483
12036,1.010514
12037,0.87557775
12038,0.88582516
12039,1.0422488
12040,0.98824495
12041,0.9281523
12042,1.2994636
12043,1.1495706
12044,1.0670818
12045,1.0145786
12046,0.91319484
12047,0.84650195
12048,0.9431009
12049,0.97942156
12050,0.7656475
12051,0.9764462
12052,0.876806
12053,0.82188165
12054,0.8541335
12055,0.97900987
12056,1.1708168
12057,1.160639
12058,1.0557433
12059,0.90774554
12060,1.1173049
12061,1.2051386
12062,0.9413313
12063,1.0489372
12064,0.94473636
12065,1.0188403
12066,0.8864209
12067,1.2093934
12068,1.0055093
12069,1.1708168
12070,1.0285476
12071,0.86863196
12072,1.009433
12073,1.0769064
12074,0.8661737
12075,1.1359205
12076,1.0512829
12077,0.81372786
12078,0.92252356
12079,0.7914662
12080,0.80071115
12081,1.1692353
12082,1.0403024
12083,0.93211573
12084,0.93724185
12085,0.97198516
12086,0.9546082
12087,1.2338066
12088,0.8302754
12089,0.8263921
12090,0.83644575
12091,0.9299819
12092,0.9193912
12093,1.1228672
12094,0.9587205
12095,1.0992632
12096,0.8185546
12097,0.9398599
12098,0.7716732
12099,0.8699859
12100,1.2488189
12101,1.149202
12102,0.80903465
12103,0.84654385
12104,0.90609145
12105,0.965465
12106,0.8793299
12107,0.9069945
12108,0.8202421
12109,1.0109401
12110,1.1328512
12111,0.98849493
12112,1.052537
12113,1.0407389
12114,0.9497898
12115,0.85819525
12116,0.8609637
12117,0.9343053
12118,0.81273293
12119,0.9099303
12120,1.0051862
12121,0.8404774
12122,1.0784264
12123,1.2220442
12124,0.9403846
12125,0.8512741
12126,0.84004134
12127,0.87539685
12128,1.0132247
12129,0.85874724
12130,0.97487503
12131,0.8457995
12132,0.91597325
12133,1.0181026
12134,1.0631661
12135,1.3334447
12136,0.9454299
12137,1.0464069
12138,1.0352837
12139,0.9243761
12140,0.9036048
12141,1.0494504
12142,0.922526
12143,0.9592948
12144,0.77740186
12145,1.3177902
12146,0.970012
12147,1.1883166
12148,0.9111183
12149,1.0937183
12150,1.0808258
12151,0.97359884
12152,1.0245136
12153,0.9603538
12154,0.76632977
12155,1.0475934
12156,0.96365994
12157,1.1454207
12158,1.0890988
12159,0.9876735
12160,1.2198437
12161,0.9772231
12162,0.7533631
12163,0.9460384
12164,0.81493825
12165,0.78772604
12166,0.84353864
12167,0.84635526
12168,0.84120786
12169,1.0919191
12170,0.74954253
12171,0.96825325
12172,1.101062
12173,1.1717212
12174,1.2141893
12175,0.8777689
12176,0.9658582
12177,1.047879
12178,0.7863156
12179,0.8077589
12180,0.91964084
12181,0.86674184
12182,1.1400492
12183,0.92813504
12184,0.88772476
12185,1.1346884
12186,1.1545968
12187,1.0649487
12188,1.0313195
12189,1.1734401
12190,1.0401758
12191,0.8636222
12192,0.9925269
12193,0.76312107
12194,0.783035
12195,1.1198074
12196,1.1101855
12197,0.9083251
12198,0.8437271
12199,0.8577171
12200,0.82726914
12201,0.9230916
12202,0.94597805
12203,1.0138103
12204,0.93409085
12205,0.97072905
12206,0.8861423
12207,1.1289417
12208,0.83408564
12209,0.80935943
12210,0.87644106
12211,0.8532014
12212,0.9822468
12213,1.0103052
12214,0.85137355
12215,1.1036469
12216,0.95088136
12217,0.9252744
12218,1.2142018
12219,1.0530167
12220,0.816123
12221,0.83708256
12222,0.85285854
12223,0.9466526
12224,1.0527977
12225,1.1392351
12226,0.89924544
12227,0.80993855
12228,1.031863
12229,1.0266206
12230,0.84405905
12231,0.9628536
12232,0.942935
12233,1.0502797
12234,0.9857203
12235,1.1019005
12236,0.95287067
12237,0.76283425
12238,0.7761339
12239,1.0021946
12240,1.1745236
12241,0.88224995
12242,0.8662103
12243,0.8985256
12244,0.9882857
12245,0.84054327
12246,0.9935889
12247,0.9424311
12248,0.9670482
12249,0.77811795
12250,0.9468202
12251,1.2637632
12252,1.1118449
12253,0.91385466
12254,1.0087368
12255,0.90515554
12256,0.9383923
12257,0.97508806
12258,1.0681616
12259,0.99718016
12260,0.8789323
12261,0.7668559
12262,1.1285361
12263,0.9132187
12264,1.108482
12265,1.1454867
12266,1.0418448
12267,1.0998157
12268,0.8812781
12269,0.76955354
12270,0.9943644
12271,0.8267113
12272,1.233686
12273,0.9357166
12274,0.92422336
12275,0.9558932
12276,0.91352427
12277,1.0708183
12278,0.870036
12279,1.1146058
12280,1.0316583
12281,0.9674596
12282,0.8278427
12283,1.0052047
12284,1.0798851
12285,1.0006471
12286,1.060644
12287,0.89217967
12288,0.9096879
12289,0.9996491
12290,1.0623673
12291,0.97753775
12292,0.97837394
12293,0.96665865
12294,0.97566986
12295,0.9359346
12296,0.80095315
12297,0.9953692
12298,0.8169882
12299,0.9768652
12300,0.8791723
12301,0.8611178
12302,0.86007255
12303,1.1875237
12304,1.0604305
12305,0.9462067
12306,1.2290298
12307,1.0186393
12308,0.9326537
12309,1.0654643
12310,1.1381985
12311,0.87805176
12312,0.8505495
12313,0.9061781
12314,1.0903561
12315,0.95505476
12316,0.76211315
12317,0.89812165
12318,0.8330942
12319,0.93777055
12320,0.75675416
12321,1.0592898
12322,1.0502167
12323,0.9743862
12324,0.9561737
12325,0.93801045
12326,1.0551476
12327,0.9077024
12328,0.9521282
12329,0.91312754
12330,0.7740068
12331,1.0887077
12332,1.1369365
12333,0.9896376
12334,0.78258705
12335,1.0408566
12336,0.9148707
12337,1.0647731
12338,0.94167054
12339,0.8890454
12340,0.88192344
12341,0.97249043
12342,0.98723346
12343,1.1150256
12344,1.0085423
12345,1.1256881
12346,0.9682689
12347,0.9179733
12348,0.9790733
12349,0.84663385
12350,0.8921267
12351,0.97490776
12352,1.0800291
12353,0.90070283
12354,0.89824635
12355,1.0376309
12356,0.86300504
12357,0.8710986
12358,0.9197418
12359,0.9854687
12360,1.0925207
12361,1.1042229
12362,0.93867356
12363,0.8163481
12364,1.0210998
12365,0.9710622
12366,0.9274671
12367,1.1273137
12368,0.9444296
12369,0.877188
12370,1.0809159
12371,0.9065311
12372,0.8721955
12373,1.0842975
12374,0.8884353
12375,1.0068339
12376,0.9938072
12377,1.1362733
12378,0.98469365
12379,0.88588357
12380,1.1574817
12381,1.0501007
12382,0.8819878
12383,0.8284271
12384,0.906214
12385,0.8327529
12386,0.9089972
12387,1.1290256
12388,0.91003096
12389,0.9547091
12390,1.1526176
12391,1.0624373
12392,0.9493111
12393,0.9565782
12394,1.0509381
12395,0.9307257
12396,0.9043307
12397,0.9097806
12398,0.8973451
12399,0.8640142
12400,0.8786714
12401,1.0334148
12402,1.1947278
12403,0.8923171
12404,0.98454714
12405,1.0031574
12406,0.94946283
12407,1.1339587
12408,1.075204
12409,0.9404721
12410,0.98488986
12411,0.9122728
12412,0.8871396
12413,1.022266
12414,1.1052957
12415,0.9483413
12416,1.0173023
12417,0.8184829
12418,0.84629107
12419,0.7780323
12420,0.73412174
12421,0.7563335
12422,0.8508616
12423,0.96387327
12424,1.1085687
12425,0.9275043
12426,0.8085739
12427,0.94893116
12428,1.1270748
12429,1.1524982
12430,0.87896687
12431,0.9817861
12432,0.98437864
12433,0.952492
12434,0.80451536
12435,0.94796795
12436,0.8386487
12437,0.86271685
12438,0.90383023
12439,0.84662384
12440,1.0700556
12441,0.84273726
12442,1.0721018
12443,1.1797502
12444,0.8927512
12445,0.91854435
12446,0.9616765
12447,1.029643
12448,0.9393915
12449,0.7945302
12450,0.86496913
12451,0.85222155
12452,0.77151126
12453,0.82764786
12454,1.0732564
12455,0.92557037
12456,0.92426515
12457,0.887659
12458,1.0281569
12459,0.8850284
12460,0.85236037
12461,0.9446995
12462,0.7383453
12463,0.9035168
12464,0.9034876
12465,1.0711896
12466,0.78786826
12467,0.9157507
12468,0.87156093
12469,0.81423545
12470,0.8505045
12471,0.9880717
12472,0.7383453
12473,0.7904428
12474,0.9216535
12475,0.807292
12476,0.8511255
12477,1.0270562
12478,0.81894994
12479,0.8418312
12480,0.9196753
12481,0.74951696
12482,0.8098716
12483,1.125472
12484,1.2165159
12485,1.1342784
12486,1.1308262
12487,0.8411133
12488,0.83573645
12489,0.84564793
12490,1.025567
12491,0.8621457
12492,0.93346846
12493,1.0676999
12494,1.0262706
12495,0.79615337
12496,0.82403874
12497,1.2178736
12498,0.7519162
12499,0.91763866
12500,1.0222503
12501,0.9741959
12502,0.80841905
12503,1.0824972
12504,1.0363804
12505,0.8604621
12506,0.9355125
12507,0.8294162
12508,0.8213872
12509,0.87151194
12510,1.1373171
12511,0.8612381
12512,0.9861482
12513,0.9058677
12514,0.9600254
12515,0.84231645
12516,0.9551679
12517,0.98276275
12518,1.003152
12519,0.96762985
12520,0.8695364
12521,1.0415578
12522,0.8641254
12523,1.205646
12524,1.2100489
12525,0.8848349
12526,0.88836205
12527,1.2186328
12528,1.0410479
12529,0.93524396
12530,0.97298855
12531,0.91330844
12532,0.98205614
12533,1.1376048
12534,0.87046343
12535,0.98827016
12536,0.8053168
12537,0.89140284
12538,0.9646468
12539,0.874635
12540,0.78417563
12541,1.0837431
12542,0.90368366
12543,1.0198896
12544,1.1762224
12545,0.81519955
12546,0.7780385
12547,0.8094741
12548,0.78037244
12549,1.0148835
12550,0.8498838
12551,0.8615175
12552,1.0320934
12553,0.9307416
12554,0.8302754
12555,0.832403
12556,0.9642539
12557,1.157954
12558,0.9818198
12559,1.0368588
12560,0.8460142
12561,0.9355503
12562,0.8568692
12563,0.7271169
12564,0.85715157
12565,0.93265533
12566,0.9991932
12567,0.8895577
12568,0.9243594
12569,0.90024173
12570,0.8085368
12571,1.0699787
12572,0.95947415
12573,0.9847196
12574,1.1366578
12575,0.84470034
12576,0.9464343
12577,1.1947603
12578,0.8543331
12579,1.088061
12580,1.0550996
12581,0.9866836
12582,1.0891991
12583,0.88599664
12584,1.054266
12585,1.0334413
12586,0.97885394
12587,0.9019777
12588,0.8261105
12589,1.1145841
12590,1.0001894
12591,0.9676949
12592,1.0805681
12593,1.0267546
12594,0.94190466
12595,1.0077474
12596,0.9446287
12597,1.1237197
12598,0.91824734
12599,0.91057694
12600,0.8986432
12601,0.88219213
12602,0.9305968
12603,1.1515961
12604,1.0650191
12605,1.0795059
12606,1.1337628
12607,1.0337737
12608,0.865798
12609,0.9407335
12610,0.87081426
12611,1.0171529
12612,1.2097198
12613,1.0015286
12614,0.87948084
12615,1.1215737
12616,1.0287008
12617,0.98327446
12618,1.0231842
12619,1.1290504
12620,1.179491
12621,0.82277894
12622,1.2982985
12623,1.024043
12624,0.81845623
12625,0.93944305
12626,1.1272001
12627,0.9318391
12628,1.1797907
12629,1.0519661
12630,0.8804686
12631,0.9316676
12632,0.85949534
12633,0.86477244
12634,0.8732895
12635,1.0312126
12636,0.90657896
12637,0.8843428
12638,1.261108
12639,0.9857734
12640,0.93562603
12641,1.087063
12642,0.91713536
12643,1.0050985
12644,0.97122484
12645,0.89806676
12646,1.0869685
12647,1.0865934
12648,0.88389605
12649,0.8419656
12650,0.81292474
12651,0.98987985
12652,1.0519085
12653,0.8253681
12654,0.8992351
12655,1.0239085
12656,0.9125786
12657,0.7740068
12658,0.9340272
12659,0.8921644
12660,1.2737665
12661,1.1803207
12662,1.0998493
12663,0.9380794
12664,0.8371681
12665,0.86268646
12666,0.9316673
12667,0.81111276
12668,0.98626614
12669,1.045352
12670,0.97431964
12671,1.0880035
12672,0.9894119
12673,1.0288662
12674,1.0772116
12675,0.8375266
12676,0.94629216
12677,0.78198856
12678,0.74954253
12679,1.0439225
12680,0.9730122
12681,1.0277433
12682,1.0093142
12683,0.96510255
12684,1.1477227
12685,1.112131
12686,0.77346903
12687,0.9931411
12688,1.1404929
12689,0.73492455
12690,0.74943024
12691,0.76884377
12692,0.9736807
12693,0.8545757
12694,0.9657391
12695,0.7482429
12696,0.9765137
12697,0.7656475
12698,1.1020206
12699,0.8299886
12700,1.230032
12701,0.8272829
12702,1.1148758
12703,0.7976722
12704,0.9227735
12705,0.8284271
12706,1.1260885
12707,0.9525441
12708,0.8728957
12709,0.8338476
12710,0.9275519
12711,0.79895765
12712,1.0618242
12713,0.9035295
12714,1.0714315
12715,0.74954253
12716,0.9114508
12717,1.2302561
12718,0.8977124
12719,1.1033878
12720,0.9405628
12721,0.99443007
12722,1.058796
12723,0.93716353
12724,1.0181637
12725,1.0078257
12726,0.9816323
12727,0.7658104
12728,0.978494
12729,1.1178387
12730,0.7728958
12731,0.91809607
12732,1.0709974
12733,1.010129
12734,0.91291595
12735,0.8370428
12736,0.8076238
12737,0.8295405
12738,0.89330757
12739,0.86453414
12740,0.9546753
12741,0.87993497
12742,1.0954218
12743,1.0245545
12744,0.8640142
12745,0.86702204
12746,0.8533699
12747,0.89984816
12748,1.1413676
12749,0.93282443
12750,0.8924586
12751,1.0309936
12752,1.1935441
12753,1.0455176
12754,0.97931385
12755,1.2299457
12756,0.91640306
12757,0.9665722
12758,0.95543146
12759,0.76700616
12760,0.9760594
12761,0.9289225
12762,1.0707192
12763,0.81451714
12764,0.84490657
12765,1.0642025
12766,1.166492
12767,0.84629136
12768,0.79276574
12769,0.89633775
12770,1.130311
12771,1.0967201
12772,1.0741737
12773,0.92984945
12774,0.8201039
12775,0.9671963
12776,1.1755229
12777,1.0567796
12778,0.8928049
12779,0.8869669
12780,0.96627474
12781,0.88120914
12782,0.79318655
12783,1.1199191
12784,0.92368793
12785,0.8939374
12786,0.7277066
12787,1.0318192
12788,0.8995356
12789,0.85607076
12790,0.87316275
12791,0.87917
12792,0.819644
12793,1.2494301
12794,0.8971455
12795,1.1627804
12796,1.0159245
12797,0.88566965
12798,0.91999173
12799,0.9020368
12800,1.079707
12801,0.98434293
12802,0.9744382
12803,0.9400187
12804,1.0245355
12805,0.97916985
12806,1.0231577
12807,1.0867616
12808,1.0343037
12809,1.0644653
12810,1.0086979
12811,1.0198463
12812,0.9021889
12813,0.94797325
12814,0.86873686
12815,0.8650053
12816,0.8989913
12817,0.8450719
12818,1.1728383
12819,0.9574989
12820,1.2301599
12821,0.84685814
12822,0.87641674
12823,0.9092926
12824,0.8970275
12825,0.9836532
12826,1.2219536
12827,0.97061765
12828,1.1695386
12829,0.9179543
12830,0.8307154
12831,1.1393707
12832,1.0495756
12833,1.0552518
12834,0.96171933
12835,0.85162944
12836,0.9157503
12837,0.8122355
12838,1.035287
12839,1.132431
12840,0.8737267
12841,1.0212302
12842,1.0007662
12843,1.0050513
12844,0.78618246
12845,0.7598905
12846,0.92206156
12847,0.827449
12848,0.93884873
12849,1.0154325
12850,1.048255
12851,0.8776543
12852,1.0993288
12853,0.7740068
12854,1.041984
12855,0.8607322
12856,0.91325635
12857,0.8519594
12858,0.9310918
12859,1.0164855
12860,0.913067
12861,1.1347035
12862,1.0950092
12863,0.91080695
12864,0.9618131
12865,0.9030964
12866,1.1409061
12867,0.8866201
12868,1.1623092
12869,0.98044467
12870,1.1865597
12871,1.0668871
12872,1.0034784
12873,1.0905166
12874,0.843574
12875,0.9026061
12876,1.0630231
12877,1.0299253
12878,1.0635287
12879,0.9040331
12880,0.87345904
12881,1.1685017
12882,1.0367278
12883,0.9354009
12884,0.9165079
12885,0.8320867
12886,0.8623381
12887,0.89886177
12888,0.98887664
12889,0.93250954
12890,0.83311385
12891,0.9422835
12892,1.1178728
12893,0.77069193
12894,0.8260436
12895,0.931218
12896,0.82030684
12897,1.073856
12898,0.95382506
12899,0.90758795
12900,1.1753411
12901,0.8651053
12902,1.0535138
12903,0.98090583
12904,1.0711977
12905,0.87207055
12906,0.8129269
12907,1.0996674
12908,0.92822737
12909,0.83240366
12910,0.82467324
12911,0.935046
12912,0.9362095
12913,0.78347516
12914,1.1228774
12915,0.91600996
12916,0.8731806
12917,1.0511105
12918,1.0230854
12919,0.8610472
12920,0.7630322
12921,0.9465983
12922,1.0047054
12923,0.7775763
12924,0.8035042
12925,0.93837965
12926,0.9841539
12927,0.8146643
12928,1.1627747
12929,0.8319703
12930,0.85275203
12931,1.0150831
12932,0.84685725
12933,1.0709854
12934,0.9462841
12935,0.99543226
12936,1.0377789
12937,0.8113422
12938,1.0642979
12939,0.9022338
12940,1.1852158
12941,0.93181306
12942,0.89700496
12943,0.87332034
12944,0.8051948
12945,0.9234154
12946,1.045414
12947,0.774074
12948,0.8055534
12949,1.0660516
12950,0.9261747
12951,0.8838118
12952,0.94008714
12953,0.7884714
12954,0.8236405
12955,0.8635383
12956,1.1985891
12957,1.0182991
12958,0.9876787
12959,0.9018462
12960,1.1305636
12961,1.0753083
12962,0.9669243
12963,0.95279485
12964,0.95812833
12965,0.88629997
12966,0.9328591
12967,1.1199429
12968,1.2133707
12969,1.2157931
12970,1.0106405
12971,1.0723517
12972,0.8828288
12973,1.0895506
12974,1.1012696
12975,0.85445744
12976,0.9464458
12977,0.8221741
12978,0.8931094
12979,1.0709225
12980,0.80514485
12981,1.0907946
12982,1.0644985
12983,0.86421996
12984,1.0170002
12985,1.038788
12986,1.0509056
12987,1.1292454
12988,0.946087
12989,0.96958315
12990,1.0144091
12991,0.8662103
12992,0.89458543
12993,0.8624462
12994,0.9162226
12995,0.95399135
12996,0.93052346
12997,0.91486794
12998,0.8963641
12999,1.2940933
13000,0.98341215
13001,1.0647912
13002,1.0016184
13003,0.93887836
13004,0.98003554
13005,0.77346903
13006,0.96130353
13007,0.79709417
13008,0.78532034
13009,0.8025727
13010,0.95374566
13011,0.9197864
13012,0.9788187
13013,0.8636082
13014,1.0403275
13015,0.9340279
13016,0.8053168
13017,0.98351234
13018,0.82061195
13019,0.82988006
13020,0.81619954
13021,0.8767817
13022,0.9344396
13023,1.0067962
13024,0.8527008
13025,1.0586028
13026,0.912243
13027,0.9729753
13028,0.994977
13029,1.0075206
13030,0.86191934
13031,1.0998518
13032,0.8337819
13033,1.1244578
13034,0.91845477
13035,1.0489413
13036,1.0103726
13037,0.99611026
13038,0.9157335
13039,0.86359173
13040,0.8924432
13041,1.0096982
13042,0.8823424
13043,0.8580251
13044,0.9239017
13045,0.8274306
13046,0.7915008
13047,1.0308349
13048,0.9199338
13049,1.1255906
13050,0.8597181
13051,0.9992634
13052,1.0249548
13053,1.0517441
13054,0.9905585
13055,1.1213481
13056,0.9248786
13057,0.87805766
13058,0.89066684
13059,0.9739786
13060,0.9714807
13061,0.90763426
13062,0.946273
13063,0.9867337
13064,0.9044626
13065,0.89304346
13066,1.0127963
13067,1.2973866
13068,0.7344125
13069,1.191286
13070,0.90510833
13071,0.8594779
13072,0.9704379
13073,0.9982646
13074,1.1418623
13075,0.8538926
13076,0.85106605
13077,0.90029246
13078,0.87225217
13079,1.1360505
13080,0.8913808
13081,0.81247455
13082,0.94659513
13083,0.9754277
13084,1.122747
13085,1.1335195
13086,0.83708256
13087,0.79233164
13088,0.9109579
13089,0.7897233
13090,0.88978845
13091,0.9028944
13092,0.8509839
13093,1.0761437
13094,0.90374917
13095,1.267091
13096,0.92332953
13097,0.8023471
13098,1.0098903
13099,1.1985122
13100,1.0815014
13101,0.95980924
13102,0.95408195
13103,0.85342175
13104,0.906441
13105,0.7740068
13106,0.88713974
13107,0.89857745
13108,0.7318069
13109,1.0398518
13110,0.96648437
13111,1.073872
13112,1.1015761
13113,1.2560402
13114,0.90838015
13115,1.0656792
13116,0.94165677
13117,0.98319495
13118,0.9139387
13119,0.8738907
13120,1.1118599
13121,0.95858973
13122,1.0533751
13123,0.9712245
13124,0.89871293
13125,0.98935574
13126,0.87343764
13127,1.1648917
13128,0.9568853
13129,0.8374431
13130,1.1174487
13131,1.0544862
13132,0.92118055
13133,0.89515823
13134,1.0192466
13135,1.1534895
13136,1.1162691
13137,0.95302445
13138,0.8991998
13139,0.9937057
13140,1.0224866
13141,0.9642378
13142,1.2802526
13143,0.93576604
13144,0.9624435
13145,1.1833175
13146,0.7792375
13147,0.91310954
13148,1.059779
13149,0.9151751
13150,0.7944815
13151,0.8899655
13152,1.2190027
13153,0.74954253
13154,0.8248275
13155,0.94925797
13156,0.9289215
13157,0.9277828
13158,0.8854761
13159,0.97801536
13160,0.86119676
13161,1.0076072
13162,1.0727674
13163,0.8912633
13164,0.8992302
13165,0.7758942
13166,0.96608925
13167,1.1931437
13168,1.0508825
13169,1.0308449
13170,0.9790495
13171,0.86996335
13172,0.82100445
13173,0.84975
13174,0.96907127
13175,1.1321851
13176,0.8300039
13177,0.9643155
13178,1.0875003
13179,0.9799977
13180,0.979742
13181,1.0771345
13182,1.0669898
13183,1.0115074
13184,1.0349028
13185,0.8434816
13186,0.8258557
13187,1.1862811
13188,0.9933304
13189,0.9715944
13190,1.1057526
13191,0.8892871
13192,1.0718877
13193,0.929314
13194,0.83248824
13195,1.0011117
13196,0.82894444
13197,1.2542462
13198,1.059939
13199,0.97633356
13200,0.9436221
13201,0.90095013
13202,0.9983917
13203,1.1194327
13204,0.7565577
13205,0.9276539
13206,0.9841712
13207,0.804103
13208,0.9674596
13209,1.1197251
13210,1.0352443
13211,0.8817269
13212,0.8131036
13213,0.80234873
13214,0.8516619
13215,0.8619471
13216,1.1730924
13217,0.8707406
13218,0.9002242
13219,0.8957206
13220,0.8508655
13221,0.90799177
13222,0.99448717
13223,0.96135634
13224,0.81539065
13225,0.9072
13226,0.86573756
13227,0.9014358
13228,0.98094857
13229,1.0698855
13230,0.8927043
13231,0.9369665
13232,0.92883766
13233,0.9178262
13234,1.0481619
13235,0.8527429
13236,0.9272567
13237,0.83825946
13238,1.1025225
13239,1.050167
13240,0.9120472
13241,0.799761
13242,0.8573697
13243,1.0832372
13244,1.0174775
13245,1.099111
13246,1.0719302
13247,0.99165684
13248,0.79318404
13249,0.79758406
13250,0.81111276
13251,0.83219004
13252,0.9466526
13253,1.144738
13254,1.1386987
13255,0.9395401
13256,0.7670539
13257,0.88212293
13258,1.0055976
13259,1.11863
13260,0.86127
13261,1.0601948
13262,0.98734254
13263,1.0066547
13264,1.139829
13265,0.9299531
13266,0.9344526
13267,1.1273094
13268,0.8589861
13269,0.8677784
13270,0.80820656
13271,0.8892428
13272,0.9009667
13273,0.9197085
13274,0.90321255
13275,1.2082604
13276,1.2302716
13277,0.90923715
13278,0.8803323
13279,0.8590756
13280,0.79573905
13281,0.7946059
13282,1.1099126
13283,0.85755676
13284,1.1644424
13285,1.198287
13286,1.0880129
13287,0.75573045
13288,1.1440599
13289,0.8495571
13290,0.939844
13291,0.93143696
13292,1.0979308
13293,0.90689015
13294,0.81836367
13295,0.7744213
13296,0.9775586
13297,0.82574385
13298,1.0174694
13299,1.1318631
13300,0.9753581
13301,0.7897233
13302,0.8824547
13303,1.0625817
13304,0.8412876
13305,1.0926926
13306,1.0809057
13307,0.84863955
13308,0.9026178
13309,0.74943024
13310,0.97961956
13311,0.8445184
13312,1.1083863
13313,1.0116527
13314,1.1153563
13315,0.9672281
13316,0.97217685
13317,0.99656755
13318,1.0160798
13319,1.2354498
13320,0.9224564
13321,1.0601373
13322,0.84877366
13323,1.030385
13324,1.0563931
13325,0.92794704
13326,0.790161
13327,0.84928447
13328,0.819644
13329,0.91601366
13330,0.96422476
13331,0.86156267
13332,1.002412
13333,0.8712557
13334,0.7874079
13335,0.9576131
13336,0.7550847
13337,1.0491071
13338,0.9762967
13339,0.8459048
13340,1.0062987
13341,1.1146256
13342,1.1350757
13343,0.93945277
13344,0.82385063
13345,0.96578974
13346,1.2731415
13347,0.9691452
13348,1.1031609
13349,0.9417766
13350,0.93911463
13351,0.77346903
13352,0.93303144
13353,0.991965
13354,0.9560883
13355,0.97549206
13356,0.91440296
13357,0.77151126
13358,0.91306996
13359,0.8053168
13360,0.81462204
13361,0.9867245
13362,0.7598905
13363,1.0541661
13364,0.8309914
13365,0.86184335
13366,0.94629794
13367,0.83512735
13368,0.8302754
13369,0.9132592
13370,0.80843467
13371,0.894409
13372,0.8692678
13373,0.88580465
13374,0.88862306
13375,1.0149909
13376,0.9223904
13377,1.2179863
13378,1.1668664
13379,1.138413
13380,0.90179706
13381,0.8576725
13382,0.8992116
13383,0.82900524
13384,0.8947496
13385,0.74954253
13386,0.8742082
13387,0.9315162
13388,0.9018635
13389,0.93875796
13390,1.0056701
13391,0.8055534
13392,1.0171582
13393,1.0081044
13394,1.2376102
13395,0.9220372
13396,1.1444637
13397,0.8936394
13398,0.8364539
13399,1.1263676
13400,0.91920257
13401,0.8553808
13402,0.994122
13403,1.2346178
13404,1.0431737
13405,1.1579189
13406,1.136789
13407,0.84040093
13408,1.0249522
13409,0.8461183
13410,0.9118282
13411,0.9044713
13412,0.84732425
13413,0.83319014
13414,0.807292
13415,0.8660997
13416,0.8276438
13417,0.96466947
13418,1.0726895
13419,0.8623301
13420,0.8867177
13421,0.7809738
13422,0.96148247
13423,1.2519413
13424,0.96224344
13425,1.2190027
13426,0.90047073
13427,0.9270112
13428,1.1614947
13429,0.91040796
13430,0.84926426
13431,0.9682348
13432,0.912859
13433,0.8575967
13434,0.7939567
13435,0.9171573
13436,0.96230394
13437,1.0761985
13438,0.91797274
13439,1.0298429
13440,0.8975434
13441,0.9344758
13442,1.0581266
13443,0.84480745
13444,0.90433633
13445,1.0416164
13446,1.0243418
13447,0.96067715
13448,0.86838007
13449,0.8560404
13450,1.0468441
13451,0.9856708
13452,0.7840915
13453,1.0352659
13454,1.0810384
13455,1.08676
13456,0.9433842
13457,0.89182985
13458,0.9040534
13459,0.827811
13460,0.82965946
13461,0.80636543
13462,0.94457376
13463,0.9228797
13464,1.0839587
13465,0.9363251
13466,1.0534292
13467,1.0219423
13468,0.92208356
13469,0.8296821
13470,1.0238379
13471,1.0580207
13472,1.2367841
13473,1.099248
13474,0.7685046
13475,1.0351418
13476,0.9213126
13477,1.0286283
13478,0.8296137
13479,1.0472125
13480,0.93340045
13481,0.92710376
13482,1.0383474
13483,1.0858939
13484,1.1337328
13485,1.1319686
13486,0.9640224
13487,0.9496851
13488,0.819644
13489,0.99358445
13490,1.1174906
13491,0.7703849
13492,0.85577023
13493,0.91302806
13494,0.94578445
13495,1.1061964
13496,1.2418345
13497,0.97217685
13498,0.88596624
13499,0.79274565
13500,0.88797635
13501,0.90371764
13502,0.96431553
13503,1.1801575
13504,1.0336483
13505,1.002041
13506,0.8137374
13507,0.99168515
13508,1.1888843
13509,1.1863778
13510,0.95279044
13511,1.0259073
13512,0.86331385
13513,1.2155561
13514,0.84654385
13515,0.8359851
13516,1.1854153
13517,0.9714627
13518,1.0479951
13519,0.87905174
13520,1.2052767
13521,0.9615785
13522,0.97508806
13523,1.027782
13524,0.9972401
13525,0.7743573
13526,0.8373065
13527,0.75284433
13528,1.082827
13529,1.069338
13530,0.9850193
13531,0.8201656
13532,0.81314784
13533,0.84645206
13534,0.76364183
13535,0.93039954
13536,0.8139773
13537,1.2117661
13538,0.985757
13539,1.2348073
13540,0.89798975
13541,0.9561558
13542,0.9947125
13543,0.84046876
13544,0.99404377
13545,1.2582532
13546,0.88349766
13547,0.9625091
13548,0.9247695
13549,1.0391638
13550,0.8458851
13551,1.1084471
13552,0.8243172
13553,0.8220246
13554,0.84952354
13555,0.8364072
13556,0.97885257
13557,1.0542161
13558,0.83628744
13559,1.1051335
13560,0.9860081
13561,1.1202661
13562,1.310306
13563,0.89973974
13564,0.77042145
13565,1.1177665
13566,0.74562705
13567,0.81141907
13568,1.1683668
13569,1.1510353
13570,1.090067
13571,1.0171313
13572,0.93345547
13573,0.905098
13574,0.8708592
13575,1.1703502
13576,0.91723865
13577,0.8460142
13578,0.87904334
13579,0.9818198
13580,0.8624277
13581,0.9612569
13582,0.9392222
13583,1.057239
13584,1.1062521
13585,0.99637485
13586,0.8809184
13587,1.2795371
13588,1.0243847
13589,1.1459
13590,0.9673124
13591,0.8737133
13592,1.18353
13593,0.9389739
13594,1.0225581
13595,1.0300846
13596,0.96847105
13597,1.0063728
13598,0.8684788
13599,0.9063634
13600,0.8794077
13601,0.8525178
13602,1.099153
13603,1.0471345
13604,1.0307328
13605,0.87818545
13606,0.9196837
13607,1.1004546
13608,1.0981548
13609,0.96120864
13610,0.8610236
13611,0.86798686
13612,0.7525536
13613,1.1637827
13614,1.0147952
13615,1.0655848
13616,1.1088521
13617,1.0212531
13618,0.94194454
13619,0.87029135
13620,1.0855786
13621,0.9714651
13622,0.9923553
13623,0.80715656
13624,1.1150765
13625,0.8501467
13626,0.9871897
13627,1.015483
13628,0.7377181
13629,0.9081201
13630,0.9147457
13631,0.9661218
13632,0.9582486
13633,1.07754
13634,1.1619452
13635,0.96691567
13636,0.91155666
13637,1.1482416
13638,1.0940875
13639,0.95423746
13640,1.1209962
13641,0.8177091
13642,1.0839851
13643,1.0865877
13644,1.3292943
13645,0.9147104
13646,1.1233917
13647,1.1220934
13648,1.0305147
13649,1.2385682
13650,0.90691847
13651,0.9575544
13652,0.9016833
13653,0.9539123
13654,0.9402633
13655,0.8561186
13656,0.92246026
13657,0.83072263
13658,0.91377753
13659,0.98698694
13660,1.1033878
13661,0.9065485
13662,0.8145255
13663,0.92216885
13664,1.1962302
13665,0.93448126
13666,0.8950941
13667,0.89912295
13668,0.973105
13669,0.94895613
13670,0.8495313
13671,1.0109648
13672,0.98289317
13673,0.9299094
13674,0.8767234
13675,0.9863323
13676,1.0676064
13677,0.9196956
13678,0.9510201
13679,0.9703291
13680,0.9273263
13681,0.8661441
13682,1.0075108
13683,1.2524797
13684,1.0160533
13685,0.8170921
13686,0.7909943
13687,0.7422056
13688,1.0672657
13689,0.79795766
13690,1.1801509
13691,1.1840777
13692,0.92770636
13693,0.83529186
13694,0.86474323
13695,0.8540698
13696,0.89806974
13697,1.1189599
13698,1.1321859
13699,0.8252963
13700,0.93099964
13701,0.8364309
13702,1.0300738
13703,1.0035139
13704,0.8391741
13705,0.94123137
13706,0.928849
13707,0.8560948
13708,0.9610775
13709,1.1003038
13710,0.89485836
13711,0.8470098
13712,0.9829467
13713,0.7293208
13714,0.90832675
13715,1.0701808
13716,0.79224753
13717,0.75573045
13718,0.8227946
13719,0.9736095
13720,0.8040896
13721,0.8553491
13722,1.3138691
13723,0.9072401
13724,0.7841544
13725,1.0955149
13726,0.75390565
13727,0.91416925
13728,1.0746043
13729,1.1774136
13730,0.91173077
13731,1.018767
13732,1.1848778
13733,0.9731701
13734,1.0182482
13735,1.0777436
13736,0.9839797
13737,0.8673441
13738,1.1883911
13739,0.8782198
13740,1.3149945
13741,0.8287929
13742,0.9255924
13743,1.2143393
13744,0.8373129
13745,0.8173788
13746,0.8114467
13747,0.96917105
13748,0.87890124
13749,0.77776796
13750,0.94585025
13751,0.85303164
13752,1.0029602
13753,1.1275438
13754,0.9554683
13755,0.95238006
13756,0.9980365
13757,1.2375029
13758,0.7736476
13759,1.2679745
13760,0.99539423
13761,0.9300845
13762,1.0750238
13763,1.098034
13764,0.9156943
13765,0.9832653
13766,0.9369434
13767,1.1341149
13768,0.77346903
13769,1.0284435
13770,0.88594705
13771,0.898283
13772,0.93750566
13773,0.99361753
13774,0.91917455
13775,0.7689861
13776,1.0601606
13777,0.9360408
13778,0.98335487
13779,0.98132175
13780,1.0483404
13781,0.88755494
13782,1.2593317
13783,0.97868127
13784,0.9111132
13785,0.9652317
13786,0.9212616
13787,0.8627366
13788,1.0254804
13789,0.7979935
13790,0.97979206
13791,0.9377614
13792,1.1535374
13793,1.0023078
13794,0.9599308
13795,0.9110753
13796,0.96582836
13797,0.9851949
13798,1.0287035
13799,1.0257103
13800,0.8540301
13801,1.0195642
13802,0.9885725
13803,0.9296099
13804,0.9517078
13805,1.1126673
13806,0.95192075
13807,0.949493
13808,0.8180063
13809,1.0095868
13810,1.0914218
13811,0.8818438
13812,1.1333187
13813,1.0914218
13814,0.94692445
13815,0.8285942
13816,0.941601
13817,0.8783668
13818,0.8835083
13819,0.92108095
13820,0.8058116
13821,0.8347513
13822,1.2065663
13823,0.86180294
13824,0.89189917
13825,0.9864113
13826,0.8995095
13827,0.90955937
13828,1.1000588
13829,0.93179023
13830,0.8787197
13831,1.1608145
13832,0.88936645
13833,0.95542866
13834,0.76995975
13835,1.003718
13836,1.0429806
13837,0.85819525
13838,0.9318506
13839,0.9674677
13840,1.0056987
13841,0.8682163
13842,1.0421762
13843,0.9701078
13844,0.7566625
13845,0.85480195
13846,0.7781379
13847,0.9150814
13848,1.2020978
13849,1.1309903
13850,1.0236455
13851,0.78838646
13852,0.8776835
13853,0.895006
13854,0.76993054
13855,0.90377504
13856,0.93331313
13857,0.9322852
13858,1.0147952
13859,0.95626956
13860,1.0259897
13861,1.0495466
13862,1.0256827
13863,0.9813535
13864,0.96057165
13865,1.1119578
13866,0.9527454
13867,1.0679677
13868,0.8636761
13869,0.83007836
13870,0.84558815
13871,1.1363379
13872,1.0113161
13873,0.9458443
13874,0.780986
13875,0.8662103
13876,0.9823771
13877,1.2826078
13878,0.98374707
13879,0.9044453
13880,1.0717397
13881,0.7848843
13882,0.9069139
13883,1.0430535
13884,0.90737873
13885,0.9225267
13886,0.9422868
13887,0.7575927
13888,0.9379819
13889,0.95299107
13890,1.2505776
13891,0.9143536
13892,0.84419763
13893,1.0037671
13894,1.0049415
13895,0.80503714
13896,1.0158314
13897,0.99429965
13898,0.95391077
13899,1.1906611
13900,0.7748249
13901,1.0027761
13902,0.85320145
13903,1.0191033
13904,0.9292566
13905,0.88952976
13906,1.0272521
13907,0.94275564
13908,0.8639748
13909,1.1712348
13910,0.84525615
13911,0.9666653
13912,0.8459568
13913,0.9038303
13914,1.1094508
13915,0.92873967
13916,1.1579661
13917,1.1032019
13918,0.8231752
13919,0.915477
13920,0.82251877
13921,1.0569931
13922,1.0357442
13923,1.023255
13924,0.9213055
13925,0.9515877
13926,0.774377
13927,0.901205
13928,0.7772491
13929,1.1333834
13930,1.1138604
13931,1.1886976
13932,1.0134209
13933,0.7840461
13934,0.90616983
13935,1.1104243
13936,1.0157127
13937,0.9610654
13938,0.9078913
13939,0.8640907
13940,0.96259224
13941,1.0921319
13942,0.9666373
13943,0.7950227
13944,0.8830838
13945,0.80850434
13946,0.9582331
13947,0.9864505
13948,0.9438562
13949,0.9197443
13950,0.869633
13951,0.9349586
13952,0.86219895
13953,0.9954977
13954,0.9072401
13955,0.8149515
13956,0.98783207
13957,1.0126721
13958,1.1136106
13959,0.9915114
13960,0.90550643
13961,1.009467
13962,0.81155026
13963,0.9144091
13964,0.89576
13965,0.95994484
13966,0.9122188
13967,1.1564835
13968,0.9384383
13969,1.0590768
13970,1.1439111
13971,0.8330322
13972,0.85444343
13973,0.9727395
13974,1.1705652
13975,0.9236588
13976,1.1090246
13977,1.1206899
13978,0.86711013
13979,0.96437585
13980,0.8648471
13981,0.96376324
13982,1.10589
13983,0.8647882
13984,1.0232378
13985,0.78990376
13986,1.2197877
13987,1.0326134
13988,0.86047626
13989,0.8050165
13990,0.8186485
13991,0.802778
13992,0.96552783
13993,1.0033232
13994,0.80641824
13995,0.86217785
13996,0.9308602
13997,0.87285304
13998,0.92475945
13999,0.9862596
14000,0.9605346
14001,0.8472039
14002,0.7567814
14003,0.83475286
14004,1.0426911
14005,0.98635316
14006,0.9352221
14007,1.1210486
14008,0.9634237
14009,0.8404774
14010,0.96718425
14011,1.025254
14012,0.89392596
14013,1.0965742
14014,1.0404792
14015,0.806523
14016,0.7745363
14017,1.1607043
14018,1.2372937
14019,0.99291396
14020,0.8455969
14021,0.9032266
14022,1.0059717
14023,0.8075875
14024,0.9136697
14025,0.8648931
14026,0.9238029
14027,1.1488829
14028,0.9606444
14029,1.0899516
14030,1.1526176
14031,0.8504077
14032,0.94908005
14033,0.8210897
14034,1.1011511
14035,0.78316987
14036,0.9654911
14037,0.83843184
14038,0.73622406
14039,1.2770045
14040,1.2535807
14041,0.74943024
14042,0.7771869
14043,1.2553635
14044,0.91617703
14045,0.9322287
14046,0.9711991
14047,0.9481291
14048,1.0507249
14049,1.0216995
14050,1.0861971
14051,0.80636543
14052,0.981794
14053,0.89835227
14054,1.0719607
14055,1.06723
14056,0.9946617
14057,1.1544536
14058,0.83785623
14059,1.042652
14060,0.822736
14061,0.8087518
14062,0.8738208
14063,0.84551084
14064,0.8941842
14065,0.9815591
14066,0.83461577
14067,1.2259865
14068,0.9904499
14069,0.88725054
14070,0.9574106
14071,0.8454483
14072,0.9111459
14073,0.89386165
14074,1.0017816
14075,0.9271702
14076,1.0737215
14077,0.98079175
14078,0.74948317
14079,1.0248035
14080,0.9022669
14081,0.9888858
14082,0.8734123
14083,0.9415491
14084,0.7605244
14085,0.8682824
14086,1.1430795
14087,0.9609442
14088,0.90195245
14089,1.0700114
14090,1.0420249
14091,0.8906635
14092,0.9610068
14093,0.8232021
14094,0.95198375
14095,1.1082866
14096,0.8925178
14097,0.96278054
14098,1.1136974
14099,0.8003506
14100,0.8815478
14101,1.0802468
14102,0.8323877
14103,0.94914687
14104,1.2162828
14105,1.1361339
14106,1.0557933
14107,0.90773547
14108,0.8589064
14109,0.80023026
14110,0.9690927
14111,1.0948486
14112,0.998707
14113,0.8517684
14114,1.0874454
14115,0.9292582
14116,0.8591994
14117,0.864794
14118,1.2275698
14119,0.90873104
14120,1.0299907
14121,0.916855
14122,1.0614666
14123,0.99891114
14124,0.8783826
14125,0.81202435
14126,0.78171796
14127,0.8379545
14128,0.9929188
14129,0.9887675
14130,1.0141733
14131,1.0308635
14132,0.97738665
14133,1.2114867
14134,0.8425146
14135,1.0806983
14136,0.8450717
14137,0.9783394
14138,0.8437895
14139,0.9193635
14140,1.1048506
14141,0.83911115
14142,1.0116268
14143,0.83222926
14144,1.2570963
14145,0.8821797
14146,1.0273263
14147,0.86103
14148,0.8253496
14149,0.88036054
14150,0.9812442
14151,1.0044744
14152,0.86611396
14153,1.032176
14154,0.98650736
14155,1.0059052
14156,0.8049823
14157,1.0178101
14158,0.9700475
14159,1.0025883
14160,0.8604621
14161,0.9941987
14162,0.8412115
14163,1.0560845
14164,0.7958455
14165,1.1662853
14166,0.878442
14167,0.96785325
14168,1.0471935
14169,0.8748051
14170,0.98926055
14171,1.1869812
14172,1.0226742
14173,0.8523379
14174,1.01599
14175,0.95442295
14176,0.9435327
14177,0.83211493
14178,0.87028754
14179,0.86611396
14180,0.90186965
14181,1.0895934
14182,0.80562884
14183,1.0881906
14184,0.8748385
14185,1.043141
14186,0.88084936
14187,0.8385826
14188,0.9384396
14189,0.8761031
14190,0.9167859
14191,0.9145214
14192,0.8908061
14193,1.0142571
14194,1.0589358
14195,1.0448525
14196,0.78712523
14197,0.9405409
14198,1.040833
14199,0.81990516
14200,0.9021381
14201,1.0291895
14202,0.9351608
14203,0.8109733
14204,0.9880845
14205,0.8869637
14206,0.94086224
14207,0.8937421
14208,0.8179125
14209,1.1750987
14210,1.0752376
14211,0.8636342
14212,0.94220656
14213,0.96168077
14214,0.8704561
14215,0.7615039
14216,0.95682657
14217,0.771096
14218,0.7898697
14219,0.92582023
14220,0.9911473
14221,0.8282459
14222,0.94209504
14223,1.026053
14224,0.9325433
14225,1.0148475
14226,0.88530475
14227,1.0816972
14228,1.0021526
14229,1.025932
14230,0.88950074
14231,1.0533258
14232,0.9754474
14233,1.0300075
14234,0.98463017
14235,0.95127994
14236,0.8019609
14237,0.95286316
14238,0.9952951
14239,1.0581347
14240,0.9645487
14241,1.0321851
14242,1.2138846
14243,0.97422165
14244,0.82695717
14245,1.0785773
14246,1.0299821
14247,0.80304563
14248,0.90556717
14249,0.8662103
14250,0.826516
14251,1.0737411
14252,0.8098833
14253,0.98386085
14254,0.8688708
14255,0.971151
14256,0.942351
14257,0.99177843
14258,0.9622116
14259,0.94380516
14260,0.97293496
14261,0.9674361
14262,0.9038144
14263,0.9457401
14264,0.8684985
14265,1.0536797
14266,0.8284669
14267,1.041248
14268,0.792146
14269,0.93444717
14270,1.0582466
14271,0.89730805
14272,0.82365173
14273,0.9478011
14274,1.1467694
14275,0.902331
14276,0.7897233
14277,0.8472307
14278,1.103589
14279,0.82120985
14280,1.028566
14281,0.8397281
14282,0.82167655
14283,0.80949795
14284,0.7976914
14285,0.9992717
14286,0.7602663
14287,0.98200077
14288,0.93023396
14289,1.0505246
14290,1.0263276
14291,1.1413856
14292,0.7478206
14293,0.89667356
14294,1.0150666
14295,0.9901277
14296,1.0799683
14297,0.8110193
14298,1.2122538
14299,1.1658745
14300,1.0364444
14301,0.9861222
14302,0.86069417
14303,1.1201459
14304,1.0001949
14305,0.89135796
14306,0.8125578
14307,0.8605432
14308,1.0829619
14309,0.8263921
14310,1.0484315
14311,1.0872794
14312,0.7712498
14313,0.7910861
14314,1.0240868
14315,0.8620387
14316,1.1604031
14317,0.88282806
14318,0.92509514
14319,1.0165113
14320,1.1414002
14321,0.9992419
14322,0.7770735
14323,0.87495804
14324,1.0217679
14325,0.98005354
14326,0.8560023
14327,0.92100596
14328,0.9945487
14329,0.9751886
14330,0.9704141
14331,0.94146585
14332,0.8802401
14333,0.8619799
14334,0.78936267
14335,0.98708004
14336,0.90535176
14337,0.9468296
14338,0.9907311
14339,0.8469456
14340,0.8864151
14341,1.0305922
14342,0.8288383
14343,0.9123748
14344,0.948741
14345,1.1433221
14346,0.8774722
14347,0.7994823
14348,0.7887237
14349,0.87181836
14350,0.83784944
14351,1.0027438
14352,1.0260725
14353,1.2253308
14354,0.8936615
14355,0.86830676
14356,0.8656828
14357,0.9813801
14358,1.0833431
14359,1.1261334
14360,0.83904177
14361,0.7769533
14362,1.1439735
14363,0.99551505
14364,1.2265193
14365,0.826878
14366,0.9256966
14367,1.2433453
14368,0.9446456
14369,1.1025671
14370,0.8301446
14371,1.0323712
14372,0.88749605
14373,1.1183825
14374,0.891262
14375,1.1836337
14376,1.015635
14377,0.93373626
14378,0.9933339
14379,0.9409645
14380,1.088038
14381,0.93068016
14382,0.9013331
14383,0.87500215
14384,0.8243801
14385,1.1693625
14386,0.97885257
14387,0.9411445
14388,0.79578465
14389,0.9184344
14390,0.91328996
14391,1.1065353
14392,0.80254155
14393,1.0474763
14394,1.173076
14395,1.1520715
14396,0.84837914
14397,0.9645849
14398,0.92562455
14399,0.794895
14400,0.88068646
14401,0.90221024
14402,0.98650557
14403,1.1536757
14404,0.9661293
14405,0.9346994
14406,0.9016923
14407,0.8955021
14408,0.9826174
14409,0.8050165
14410,1.0676326
14411,1.0798707
14412,1.055806
14413,0.90525204
14414,1.0204504
14415,1.1209913
14416,1.0878674
14417,0.9349101
14418,1.2366868
14419,0.9600377
14420,0.8538609
14421,1.0299511
14422,0.92179734
14423,0.8636342
14424,0.88189274
14425,0.8841174
14426,0.82965946
14427,1.2366912
14428,0.87259233
14429,1.0545701
14430,0.89971817
14431,0.8412876
14432,0.7839365
14433,0.8316739
14434,1.0176796
14435,0.9480808
14436,1.2698236
14437,1.2094353
14438,1.0955669
14439,1.130453
14440,0.99878764
14441,0.84902775
14442,0.9442379
14443,1.0624555
14444,0.84868765
14445,0.9850084
14446,0.9083615
14447,0.9474892
14448,1.0491306
14449,0.93755704
14450,0.9143191
14451,0.98554146
14452,0.8933896
14453,0.8732776
14454,0.95352626
14455,1.0175735
14456,1.0229331
14457,1.0284916
14458,1.0359472
14459,0.85323316
14460,1.0772839
14461,0.77005047
14462,0.9517237
14463,0.9494264
14464,1.2120063
14465,0.82802016
14466,0.9826999
14467,0.87821484
14468,0.876647
14469,0.949529
14470,0.90038913
14471,0.96964604
14472,0.7738277
14473,0.927687
14474,0.97357684
14475,0.87686473
14476,1.1544935
14477,0.78148216
14478,0.96858513
14479,1.1153281
14480,0.89467114
14481,1.1675795
14482,1.0982618
14483,1.0942762
14484,0.9822714
14485,0.8303588
14486,1.0291839
14487,1.0220654
14488,0.81561553
14489,0.8891174
14490,0.9155779
14491,0.7290301
14492,0.7602663
14493,0.9803296
14494,1.0212886
14495,1.141034
14496,0.79772
14497,0.9607348
14498,0.84181833
14499,1.2105335
14500,1.1159848
14501,0.76312107
14502,0.8710602
14503,1.095897
14504,0.8712559
14505,1.0476108
14506,0.8268188
14507,0.97085047
14508,1.0228052
14509,0.81347406
14510,1.2186741
14511,0.93443424
14512,0.8544878
14513,0.8617642
14514,0.82299536
14515,1.1325421
14516,0.80669254
14517,0.9050911
14518,0.9382965
14519,0.85405797
14520,0.9007855
14521,0.93478537
14522,0.88847464
14523,1.0771695
14524,1.203675
14525,1.0423827
14526,1.0844104
14527,0.96114933
14528,1.3272227
14529,0.7763798
14530,1.2294852
14531,1.0055362
14532,0.93227166
14533,1.0412347
14534,0.98492026
14535,0.84939677
14536,0.80939686
14537,0.8640623
14538,1.221471
14539,0.9714999
14540,0.91396713
14541,1.0352353
14542,0.879239
14543,1.0143014
14544,0.8393328
14545,1.2437052
14546,0.96954
14547,0.9264949
14548,0.8011559
14549,0.83364165
14550,0.85577023
14551,0.97947896
14552,1.0469364
14553,1.0254949
14554,0.7902166
14555,0.8689147
14556,1.0247068
14557,0.9789091
14558,0.92923784
14559,1.1378899
14560,0.9296232
14561,0.9881382
14562,0.7896125
14563,1.0424724
14564,0.8662103
14565,1.0356792
14566,0.86372244
14567,0.93059826
14568,0.9703402
14569,0.8652578
14570,1.1512303
14571,0.9854166
14572,0.8605141
14573,1.0174342
14574,1.0546736
14575,0.7495465
14576,0.9683875
14577,0.80979776
14578,1.1070212
14579,1.0449955
14580,0.89301676
14581,0.782794
14582,1.2298005
14583,0.9277803
14584,0.87672037
14585,0.86795646
14586,0.81820315
14587,0.8480816
14588,0.96563166
14589,0.8365583
14590,0.7952966
14591,0.9774296
14592,0.9919592
14593,0.943781
14594,0.84652567
14595,0.8194855
14596,0.9610642
14597,0.9009763
14598,0.96320057
14599,0.81532186
14600,0.8447048
14601,0.8775817
14602,0.8540477
14603,0.9950603
14604,0.988586
14605,1.0186011
14606,0.83084846
14607,0.99638313
14608,1.2184482
14609,1.025489
14610,1.2041129
14611,1.2826078
14612,1.0797806
14613,0.9527502
14614,0.90752363
14615,0.9836735
14616,1.0267504
14617,0.95794195
14618,0.8989745
14619,0.9706726
14620,1.0072564
14621,0.94078445
14622,0.84321916
14623,1.0668931
14624,1.069356
14625,0.89440084
14626,0.85011786
14627,0.9662069
14628,0.76945174
14629,0.8809039
14630,0.83147764
14631,0.84577376
14632,0.88741827
14633,1.1063706
14634,0.807543
14635,0.8763282
14636,0.95308644
14637,1.003629
14638,0.82375574
14639,0.80539936
14640,0.8891114
14641,0.98253256
14642,1.051553
14643,1.0037928
14644,1.0420588
14645,1.049342
14646,1.0112567
14647,0.8825672
14648,1.0014507
14649,0.88523185
14650,0.8463713
14651,0.9479769
14652,1.116704
14653,0.98088247
14654,1.0609154
14655,0.91743475
14656,0.9364313
14657,1.0605958
14658,0.95991683
14659,0.8349296
14660,0.8386074
14661,0.9697413
14662,0.847742
14663,0.9980206
14664,0.78948593
14665,0.85762745
14666,0.92145777
14667,0.81237483
14668,0.9740448
14669,0.790161
14670,0.8806019
14671,0.93469626
14672,0.9779919
14673,0.93670374
14674,1.0705241
14675,0.8793375
14676,0.8532386
14677,1.2376784
14678,0.8537146
14679,0.78052723
14680,1.0240561
14681,0.92840374
14682,0.87648886
14683,1.0566139
14684,1.0358919
14685,1.0064893
14686,0.7581417
14687,0.805506
14688,0.9925272
14689,0.99422276
14690,1.0370703
14691,0.8664233
14692,1.0037771
14693,1.138683
14694,0.8581107
14695,0.8825933
14696,0.8170921
14697,0.74954253
14698,0.7598905
14699,0.9476369
14700,0.8567744
14701,0.846086
14702,0.9274212
14703,1.1648709
14704,0.80982375
14705,0.82757145
14706,0.8465448
14707,0.8231081
14708,0.89238125
14709,0.9015171
14710,1.0304624
14711,0.83798605
14712,0.8909932
14713,0.7418278
14714,1.050331
14715,0.90539765
14716,0.84201396
14717,1.0067031
14718,0.9852285
14719,0.9386646
14720,0.9222676
14721,1.116435
14722,1.3138691
14723,1.048609
14724,0.769309
14725,0.99639857
14726,0.7688662
14727,0.80870014
14728,1.1104283
14729,0.7605194
14730,0.90672046
14731,0.9372712
14732,0.79173756
14733,1.161109
14734,0.88277555
14735,1.0877419
14736,0.91856325
14737,1.086956
14738,0.91497576
14739,1.1602496
14740,0.9980462
14741,0.97041905
14742,0.8848315
14743,0.9217211
14744,0.8629376
14745,1.1123827
14746,0.98078376
14747,0.8507128
14748,0.99415076
14749,1.028563
14750,0.9320336
14751,0.7979521
14752,0.9678214
14753,1.0809506
14754,1.0492332
14755,0.80125606
14756,0.8306617
14757,0.8447235
14758,0.8149967
14759,0.783035
14760,0.7988374
14761,1.1224853
14762,1.0250144
14763,0.95272666
14764,0.9881224
14765,0.8596846
14766,0.9174347
14767,0.9580506
14768,1.2466627
14769,0.88002354
14770,0.9389317
14771,0.9500481
14772,0.8963486
14773,0.9395642
14774,0.89059764
14775,0.81480825
14776,0.9724489
14777,0.7964334
14778,0.9793011
14779,0.92034864
14780,1.2095279
14781,1.0497061
14782,0.7800164
14783,1.1591142
14784,0.89154184
14785,1.0088873
14786,0.85733294
14787,0.8789987
14788,1.0947138
14789,1.1729662
14790,0.80854714
14791,0.9444041
14792,0.94192386
14793,1.0520535
14794,0.9204794
14795,0.86024183
14796,1.2342112
14797,1.0138981
14798,1.0533935
14799,0.92970824
14800,0.8065981
14801,1.0401334
14802,0.79378116
14803,0.9049641
14804,0.94504243
14805,0.8405461
14806,0.9821672
14807,0.8138866
14808,0.95672244
14809,0.9728318
14810,0.82015926
14811,1.0744927
14812,1.2589196
14813,0.96270007
14814,0.8708455
14815,0.802318
14816,1.029403
14817,0.89498526
14818,0.9681142
14819,1.1212891
14820,0.7708647
14821,0.89700496
14822,0.98914576
14823,1.0728921
14824,1.1691805
14825,0.95861924
14826,1.0575675
14827,1.1231892
14828,0.883288
14829,0.8527702
14830,0.85755044
14831,1.0663313
14832,1.0256288
14833,0.83332646
14834,0.9047282
14835,0.82707286
14836,0.8582983
14837,1.0869954
14838,0.802731
14839,0.93434334
14840,0.94052345
14841,0.7740068
14842,0.90859544
14843,0.8827008
14844,1.2376633
14845,0.8521243
14846,0.96984106
14847,1.0270747
14848,0.9127413
14849,0.86428607
14850,0.8857791
14851,0.8780461
14852,0.91533786
14853,0.9220044
14854,0.94084454
14855,0.8642761
14856,1.0181423
14857,0.933486
14858,1.1334653
14859,0.78852594
14860,1.0630026
14861,0.8333509
14862,1.0073099
14863,0.91706157
14864,0.96784496
14865,0.7267152
14866,0.91866064
14867,0.8006929
14868,1.089779
14869,1.0293875
14870,1.0892253
14871,0.9537335
14872,0.9027311
14873,0.9917958
14874,0.9332103
14875,0.86345565
14876,0.94448626
14877,1.002778
14878,1.1115818
14879,0.78816164
14880,0.87456894
14881,1.2742665
14882,0.8653763
14883,0.9156909
14884,0.82117254
14885,0.9133445
14886,0.95964473
14887,0.7714198
14888,1.1535051
14889,1.0887566
14890,1.0556331
14891,1.074982
14892,0.81558126
14893,0.844788
14894,1.0377837
14895,0.74201417
14896,0.9316274
14897,1.1544331
14898,0.79224753
14899,1.0545148
14900,1.1426798
14901,0.9835804
14902,0.8582503
14903,0.9953638
14904,0.9673124
14905,0.93125784
14906,0.94011074
14907,0.9552139
14908,1.0800923
14909,0.91469574
14910,1.0389351
14911,0.86775035
14912,0.86758167
14913,0.91471183
14914,1.0697604
14915,0.88214225
14916,1.0395985
14917,1.1383495
14918,0.80230373
14919,0.7974593
14920,0.8697611
14921,1.0444047
14922,1.097597
14923,0.9821261
14924,0.8794086
14925,0.9316224
14926,0.93330365
14927,0.8513705
14928,0.94528884
14929,1.196648
14930,0.92440015
14931,1.0208247
14932,1.0304041
14933,0.9755985
14934,0.89440084
14935,0.98676914
14936,1.0200921
14937,0.7562437
14938,0.9221019
14939,0.874635
14940,1.1541038
14941,0.8390048
14942,0.87181836
14943,0.9346714
14944,0.99749374
14945,0.8408933
14946,0.8637914
14947,1.0625612
14948,0.85190326
14949,0.8889526
14950,0.9073384
14951,1.0239222
14952,1.009735
14953,0.9026641
14954,0.9036331
14955,0.93650633
14956,0.81347793
14957,0.89926535
14958,1.202628
14959,1.0537103
14960,0.8998428
14961,0.79085374
14962,0.931096
14963,0.8805784
14964,0.952139
14965,0.9693017
14966,1.0023998
14967,0.8524056
14968,0.7617414
14969,0.9119388
14970,0.83275175
14971,0.8534369
14972,1.257461
14973,0.8704548
14974,0.7998038
14975,0.871775
14976,0.90737504
14977,1.2025584
14978,0.9616651
14979,0.9472197
14980,1.0534148
14981,1.0321056
14982,1.0737077
14983,1.1322118
14984,0.94491893
14985,1.1205716
14986,1.005852
14987,0.923757
14988,0.9953103
14989,0.74954253
14990,0.9665896
14991,0.8263921
14992,0.8406858
14993,0.95672244
14994,0.92993355
14995,0.9145965
14996,0.8340785
14997,1.2290648
14998,0.90798396
14999,0.9365167
